id,site_id,title,seller_id,category_id,official_store_id,price,base_price,original_price,currency_id,initial_quantity,sale_terms,buying_mode,listing_type_id,condition,permalink,thumbnail_id,thumbnail,pictures,video_id,descriptions,accepts_mercadopago,non_mercado_pago_payment_methods,shipping,international_delivery_mode,seller_address,seller_contact,location,coverage_areas,attributes,listing_source,variations,status,sub_status,tags,warranty,catalog_product_id,domain_id,parent_item_id,deal_ids,automatic_relist,date_created,last_updated,health,catalog_listing
MLA1371018857,MLA,Apple AirPods (segunda Generacion) Con Estuche De Carga - Blanco - Distribuidor Autorizado,195832229,MLA3697,,203499.45,203499.45,,ARS,584,,buy_it_now,gold_pro,new,,,,,,,,,"{'mode': 'me2', 'methods': [], 'tags': ['self_service_out', 'mandatory_free_shipping'], 'dimensions': None, 'local_pick_up': False, 'free_shipping': True, 'logistic_type': 'cross_docking', 'store_pick_up': False}",,"{'city': {'id': 'TUxBQlBBVDI0ODFa', 'name': 'Paternal'}, 'state': {'id': 'AR-C', 'name': 'Capital Federal'}, 'country': {'id': 'AR', 'name': 'Argentina'}, 'search_location': {'neighborhood': {'id': 'TUxBQkFHUjk3NjJa', 'name': 'Agronomía'}, 'city': {'id': 'TUxBQ0NBUGZlZG1sYQ', 'name': 'Capital Federal'}, 'state': {'id': 'TUxBUENBUGw3M2E1', 'name': 'Capital Federal'}}, 'id': 1202690442}",,{},,,,,,,,,,,,,,2023-05-26T16:13:31.000Z,2024-06-07T01:29:45.000Z,,
MLA1494388876,MLA,Apple AirPods Pro (2ª Generación) - Distribuidor Autorizado,195832229,MLA3697,,479398.8,479398.8,,ARS,204,,buy_it_now,gold_pro,new,,,,,,,,,"{'mode': 'me2', 'methods': [], 'tags': ['self_service_out', 'mandatory_free_shipping'], 'dimensions': None, 'local_pick_up': False, 'free_shipping': True, 'logistic_type': 'cross_docking', 'store_pick_up': False}",,"{'city': {'id': 'TUxBQlBBVDI0ODFa', 'name': 'Paternal'}, 'state': {'id': 'AR-C', 'name': 'Capital Federal'}, 'country': {'id': 'AR', 'name': 'Argentina'}, 'search_location': {'neighborhood': {'id': 'TUxBQkFHUjk3NjJa', 'name': 'Agronomía'}, 'city': {'id': 'TUxBQ0NBUGZlZG1sYQ', 'name': 'Capital Federal'}, 'state': {'id': 'TUxBUENBUGw3M2E1', 'name': 'Capital Federal'}}, 'id': 1202690442}",,{},,,,,,,,,,,,,,2023-09-03T21:16:35.000Z,2024-06-07T01:25:51.000Z,,
MLA899081746,MLA,"Auriculares Inalámbricos Apple AirPods De Segunda Generación, Modelo 2019",195832229,MLA3697,,159999.68,159999.68,,ARS,5069,,buy_it_now,gold_special,new,,,,,,,,,"{'mode': 'me2', 'methods': [], 'tags': ['self_service_out', 'mandatory_free_shipping'], 'dimensions': None, 'local_pick_up': False, 'free_shipping': True, 'logistic_type': 'cross_docking', 'store_pick_up': False}",,"{'city': {'id': 'TUxBQlBBVDI0ODFa', 'name': 'Paternal'}, 'state': {'id': 'AR-C', 'name': 'Capital Federal'}, 'country': {'id': 'AR', 'name': 'Argentina'}, 'search_location': {'neighborhood': {'id': 'TUxBQkFHUjk3NjJa', 'name': 'Agronomía'}, 'city': {'id': 'TUxBQ0NBUGZlZG1sYQ', 'name': 'Capital Federal'}, 'state': {'id': 'TUxBUENBUGw3M2E1', 'name': 'Capital Federal'}}, 'id': 1202690442}",,{},,,,,,,,,,,,,,2020-11-27T18:47:07.000Z,2024-06-06T23:52:16.000Z,,
MLA1157322893,MLA,AirPods Pro Apple Magsafe Charging Case 2021 Color Blanco,262582139,MLA3697,,299999,299999,,ARS,25,,buy_it_now,gold_special,new,,,,,,,,,"{'mode': 'me2', 'methods': [], 'tags': ['self_service_in', 'mandatory_free_shipping'], 'dimensions': None, 'local_pick_up': False, 'free_shipping': True, 'logistic_type': 'cross_docking', 'store_pick_up': False}",,"{'city': {'id': 'TUxBQkJBUjM0MDha', 'name': 'Barracas'}, 'state': {'id': 'AR-C', 'name': 'Capital Federal'}, 'country': {'id': 'AR', 'name': 'Argentina'}, 'search_location': {'neighborhood': {'id': 'TUxBQkJBUjM0MDha', 'name': 'Barracas'}, 'city': {'id': 'TUxBQ0NBUGZlZG1sYQ', 'name': 'Capital Federal'}, 'state': {'id': 'TUxBUENBUGw3M2E1', 'name': 'Capital Federal'}}, 'id': 1134586023}",,{},,,,,,,,,,,,,,2022-08-24T17:11:39.000Z,2024-06-07T01:32:22.000Z,,
MLA1510667150,MLA,Apple AirPods (segunda Generacion) Con Estuche De Carga - Blanco,621229920,MLA3697,,198912,198912,,ARS,12,,buy_it_now,gold_special,new,,,,,,,,,"{'mode': 'me2', 'methods': [], 'tags': ['mandatory_free_shipping'], 'dimensions': None, 'local_pick_up': True, 'free_shipping': True, 'logistic_type': 'cross_docking', 'store_pick_up': False}",,"{'city': {'id': 'TUxBQ1JPUzg1Yjg3', 'name': 'Rosario'}, 'state': {'id': 'AR-S', 'name': 'Santa Fe'}, 'country': {'id': 'AR', 'name': 'Argentina'}, 'search_location': {'city': {'id': 'TUxBQ1JPUzg1Yjg3', 'name': 'Rosario'}, 'state': {'id': 'TUxBUFNBTmU5Nzk2', 'name': 'Santa Fe'}}, 'id': 1278612032}",,{},,,,,,,,,,,,,,2023-09-18T15:12:35.000Z,2024-06-06T22:09:29.937Z,,
MLA1640119504,MLA,Apple AirPods (3ª Generación) Con Estuche De Carga Magsafe,304956690,MLA3697,,419999,419999,,ARS,16,,buy_it_now,gold_pro,new,,,,,,,,,"{'mode': 'me2', 'methods': [], 'tags': ['self_service_in', 'mandatory_free_shipping'], 'dimensions': None, 'local_pick_up': True, 'free_shipping': True, 'logistic_type': 'cross_docking', 'store_pick_up': False}",,"{'city': {'id': 'TUxBQkJBUjM0MDha', 'name': 'Barracas'}, 'state': {'id': 'AR-C', 'name': 'Capital Federal'}, 'country': {'id': 'AR', 'name': 'Argentina'}, 'search_location': {'neighborhood': {'id': 'TUxBQkJBUjM0MDha', 'name': 'Barracas'}, 'city': {'id': 'TUxBQ0NBUGZlZG1sYQ', 'name': 'Capital Federal'}, 'state': {'id': 'TUxBUENBUGw3M2E1', 'name': 'Capital Federal'}}, 'id': 724232025}",,{},,,,,,,,,,,,,,2024-01-22T20:05:58.000Z,2024-06-06T18:06:40.000Z,,
MLA1216894783,MLA,AirPods (3ª generación) Con estuche De carga Lightning - Distribuidor Autorizado,553476757,MLA3697,,443169.09,443169.09,,ARS,327,,buy_it_now,gold_special,new,,,,,,,,,"{'mode': 'me2', 'methods': [], 'tags': ['self_service_out', 'mandatory_free_shipping'], 'dimensions': None, 'local_pick_up': False, 'free_shipping': True, 'logistic_type': 'cross_docking', 'store_pick_up': False}",,"{'city': {'name': 'Piñeyro'}, 'state': {'id': 'AR-B', 'name': 'Buenos Aires'}, 'country': {'id': 'AR', 'name': 'Argentina'}, 'search_location': {'neighborhood': {'id': 'TUxBQlBJ0Tg1NDla', 'name': 'Piñeyro'}, 'city': {'id': 'TUxBQ0FWRTc5OTQ1', 'name': 'Avellaneda'}, 'state': {'id': 'TUxBUEdSQXJlMDNm', 'name': 'Bs.As. G.B.A. Sur'}}, 'id': 1110445786}",,{},,,,,,,,,,,,,,2022-10-28T20:18:57.000Z,2024-06-06T18:27:15.297Z,,
MLA1430723549,MLA,Apple AirPods Pro 2ª Generación Con Estuche De Carga  Blanco Conector Lightning,7055243,MLA3697,,479999.4,479999.4,,ARS,10,,buy_it_now,gold_pro,new,,,,,,,,,"{'mode': 'me2', 'methods': [], 'tags': ['self_service_in', 'mandatory_free_shipping'], 'dimensions': None, 'local_pick_up': True, 'free_shipping': True, 'logistic_type': 'xd_drop_off', 'store_pick_up': False}",,"{'city': {'id': 'TUxBQlBBTDI1MTVa', 'name': 'Palermo'}, 'state': {'id': 'AR-C', 'name': 'Capital Federal'}, 'country': {'id': 'AR', 'name': 'Argentina'}, 'search_location': {'neighborhood': {'id': 'TUxBQlBBTDI1MTVa', 'name': 'Palermo'}, 'city': {'id': 'TUxBQ0NBUGZlZG1sYQ', 'name': 'Capital Federal'}, 'state': {'id': 'TUxBUENBUGw3M2E1', 'name': 'Capital Federal'}}, 'id': 99717158}",,{},,,,,,,,,,,,,,2024-06-05T12:58:05.237Z,2024-06-05T20:18:37.074Z,,
MLA1147622861,MLA,Apple AirPods Max A2096 Gris Espacial,200708852,MLA3697,,960000,960000,,ARS,32,,buy_it_now,gold_special,new,,,,,,,,,"{'mode': 'me2', 'methods': [], 'tags': ['mandatory_free_shipping'], 'dimensions': None, 'local_pick_up': True, 'free_shipping': True, 'logistic_type': 'xd_drop_off', 'store_pick_up': False}",,"{'city': {'id': 'TUxBQkFMTTMwNTBa', 'name': 'Almagro'}, 'state': {'id': 'AR-C', 'name': 'Capital Federal'}, 'country': {'id': 'AR', 'name': 'Argentina'}, 'search_location': {'neighborhood': {'id': 'TUxBQkFMTTMwNTBa', 'name': 'Almagro'}, 'city': {'id': 'TUxBQ0NBUGZlZG1sYQ', 'name': 'Capital Federal'}, 'state': {'id': 'TUxBUENBUGw3M2E1', 'name': 'Capital Federal'}}, 'id': 1030423633}",,{},,,,,,,,,,,,,,2022-07-20T19:03:25.000Z,2024-06-06T22:07:41.000Z,,
MLA1394581243,MLA,AirPods 3ª generación Con estuche De carga Lightning,10104145,MLA3697,,305991,305991,,ARS,8,,buy_it_now,gold_special,new,,,,,,,,,"{'mode': 'me2', 'methods': [], 'tags': ['self_service_in', 'mandatory_free_shipping'], 'dimensions': None, 'local_pick_up': False, 'free_shipping': True, 'logistic_type': 'xd_drop_off', 'store_pick_up': False}",,"{'city': {'id': 'QVItQkRvbiBUb3JjdWF0bw', 'name': 'Don Torcuato'}, 'state': {'id': 'AR-B', 'name': 'Buenos Aires'}, 'country': {'id': 'AR', 'name': 'Argentina'}, 'id': 1082032886}",,{},,,,,,,,,,,,,,2023-11-04T15:47:38.000Z,2024-06-02T10:55:18.770Z,,
MLA1713035620,MLA,Auriculares In-ear Inalámbricos Apple Apple AirPods Pro (2nd Generation) Mtjv3am/a Blanco,10104145,MLA3697,,394990,394990,,ARS,6,,buy_it_now,gold_special,new,,,,,,,,,"{'mode': 'me2', 'methods': [], 'tags': ['self_service_in', 'mandatory_free_shipping'], 'dimensions': None, 'local_pick_up': False, 'free_shipping': True, 'logistic_type': 'xd_drop_off', 'store_pick_up': False}",,"{'city': {'id': 'QVItQkRvbiBUb3JjdWF0bw', 'name': 'Don Torcuato'}, 'state': {'id': 'AR-B', 'name': 'Buenos Aires'}, 'country': {'id': 'AR', 'name': 'Argentina'}, 'id': 1082032886}",,{},,,,,,,,,,,,,,2024-03-21T13:21:37.000Z,2024-05-31T18:23:16.850Z,,
MLA1148336898,MLA,Apple AirPods Max - Plateado,200708852,MLA3697,,960000,960000,,ARS,6,,buy_it_now,gold_special,new,,,,,,,,,"{'mode': 'me2', 'methods': [], 'tags': ['mandatory_free_shipping'], 'dimensions': None, 'local_pick_up': True, 'free_shipping': True, 'logistic_type': 'xd_drop_off', 'store_pick_up': False}",,"{'city': {'id': 'TUxBQkFMTTMwNTBa', 'name': 'Almagro'}, 'state': {'id': 'AR-C', 'name': 'Capital Federal'}, 'country': {'id': 'AR', 'name': 'Argentina'}, 'search_location': {'neighborhood': {'id': 'TUxBQkFMTTMwNTBa', 'name': 'Almagro'}, 'city': {'id': 'TUxBQ0NBUGZlZG1sYQ', 'name': 'Capital Federal'}, 'state': {'id': 'TUxBUENBUGw3M2E1', 'name': 'Capital Federal'}}, 'id': 1030423633}",,{},,,,,,,,,,,,,,2022-07-25T21:05:08.000Z,2024-05-30T03:09:30.549Z,,
MLA1169331799,MLA,Apple AirPods Max - Azul Cielo,1017136269,MLA3697,,959999.99,959999.99,,ARS,19,,buy_it_now,gold_special,new,,,,,,,,,"{'mode': 'me2', 'methods': [], 'tags': ['self_service_in', 'mandatory_free_shipping'], 'dimensions': None, 'local_pick_up': True, 'free_shipping': True, 'logistic_type': 'xd_drop_off', 'store_pick_up': False}",,"{'city': {'name': 'Florida Oeste'}, 'state': {'id': 'AR-B', 'name': 'Buenos Aires'}, 'country': {'id': 'AR', 'name': 'Argentina'}, 'search_location': {'neighborhood': {'id': 'TUxBQkZMTzk1MjVa', 'name': 'Florida Oeste'}, 'city': {'id': 'TUxBQ1ZJQ2E3MTQz', 'name': 'Vicente López'}, 'state': {'id': 'TUxBUEdSQWU4ZDkz', 'name': 'Bs.As. G.B.A. Norte'}}, 'id': 1254694558}",,{},,,,,,,,,,,,,,2022-09-15T20:44:53.000Z,2024-06-07T00:27:08.000Z,,
MLA1148336800,MLA,Apple AirPods Max - Verde,200708852,MLA3697,,960000,960000,,ARS,9,,buy_it_now,gold_special,new,,,,,,,,,"{'mode': 'me2', 'methods': [], 'tags': ['mandatory_free_shipping'], 'dimensions': None, 'local_pick_up': True, 'free_shipping': True, 'logistic_type': 'xd_drop_off', 'store_pick_up': False}",,"{'city': {'id': 'TUxBQkFMTTMwNTBa', 'name': 'Almagro'}, 'state': {'id': 'AR-C', 'name': 'Capital Federal'}, 'country': {'id': 'AR', 'name': 'Argentina'}, 'search_location': {'neighborhood': {'id': 'TUxBQkFMTTMwNTBa', 'name': 'Almagro'}, 'city': {'id': 'TUxBQ0NBUGZlZG1sYQ', 'name': 'Capital Federal'}, 'state': {'id': 'TUxBUENBUGw3M2E1', 'name': 'Capital Federal'}}, 'id': 1030423633}",,{},,,,,,,,,,,,,,2022-07-25T20:55:35.000Z,2024-05-30T02:58:02.000Z,,
MLA1743834228,MLA,Apple AirPods (2nd Generation) - Blanco,237714148,MLA3697,,250000,250000,,ARS,1,,buy_it_now,gold_special,new,,,,,,,,,"{'mode': 'me2', 'methods': [], 'tags': ['self_service_in', 'mandatory_free_shipping'], 'dimensions': None, 'local_pick_up': True, 'free_shipping': True, 'logistic_type': 'xd_drop_off', 'store_pick_up': False}",,"{'city': {'id': 'TUxBQk1PTjUxOTJa', 'name': 'Monserrat'}, 'state': {'id': 'AR-C', 'name': 'Capital Federal'}, 'country': {'id': 'AR', 'name': 'Argentina'}, 'search_location': {'neighborhood': {'id': 'TUxBQk1PTjUxOTJa', 'name': 'Monserrat'}, 'city': {'id': 'TUxBQ0NBUGZlZG1sYQ', 'name': 'Capital Federal'}, 'state': {'id': 'TUxBUENBUGw3M2E1', 'name': 'Capital Federal'}}, 'id': 1237583234}",,{},,,,,,,,,,,,,,2024-04-18T02:55:03.000Z,2024-06-07T01:49:16.000Z,,
MLA1119851636,MLA,Apple AirPods Max - Gris Espacial - Distribuidor Autorizado,195832229,MLA3697,,1949999,1949999,,ARS,34,,buy_it_now,gold_special,new,,,,,,,,,"{'mode': 'me2', 'methods': [], 'tags': ['self_service_out', 'mandatory_free_shipping'], 'dimensions': None, 'local_pick_up': False, 'free_shipping': True, 'logistic_type': 'cross_docking', 'store_pick_up': False}",,"{'city': {'id': 'TUxBQlBBVDI0ODFa', 'name': 'Paternal'}, 'state': {'id': 'AR-C', 'name': 'Capital Federal'}, 'country': {'id': 'AR', 'name': 'Argentina'}, 'search_location': {'neighborhood': {'id': 'TUxBQkFHUjk3NjJa', 'name': 'Agronomía'}, 'city': {'id': 'TUxBQ0NBUGZlZG1sYQ', 'name': 'Capital Federal'}, 'state': {'id': 'TUxBUENBUGw3M2E1', 'name': 'Capital Federal'}}, 'id': 1202690442}",,{},,,,,,,,,,,,,,2022-01-19T01:19:04.000Z,2024-06-05T23:52:37.000Z,,
MLA1371057262,MLA,Auricular In-ear Inalámbrico Apple Apple AirPods 3ra Generación Mme73am/a Blanco,262582139,MLA3697,,416486.12,416486.12,,ARS,21,,buy_it_now,gold_special,new,,,,,,,,,"{'mode': 'me2', 'methods': [], 'tags': ['self_service_in', 'mandatory_free_shipping'], 'dimensions': None, 'local_pick_up': False, 'free_shipping': True, 'logistic_type': 'cross_docking', 'store_pick_up': False}",,"{'city': {'id': 'TUxBQkJBUjM0MDha', 'name': 'Barracas'}, 'state': {'id': 'AR-C', 'name': 'Capital Federal'}, 'country': {'id': 'AR', 'name': 'Argentina'}, 'search_location': {'neighborhood': {'id': 'TUxBQkJBUjM0MDha', 'name': 'Barracas'}, 'city': {'id': 'TUxBQ0NBUGZlZG1sYQ', 'name': 'Capital Federal'}, 'state': {'id': 'TUxBUENBUGw3M2E1', 'name': 'Capital Federal'}}, 'id': 1134586023}",,{},,,,,,,,,,,,,,2023-03-14T13:33:14.000Z,2024-05-21T10:30:15.471Z,,
MLA1628292922,MLA,Apple AirPods (segunda Gen.) Con Estuche De Carga - Blanco,553476757,MLA3697,,369999,369999,,ARS,106,,buy_it_now,gold_pro,new,,,,,,,,,"{'mode': 'me2', 'methods': [], 'tags': ['self_service_in', 'mandatory_free_shipping'], 'dimensions': None, 'local_pick_up': False, 'free_shipping': True, 'logistic_type': 'cross_docking', 'store_pick_up': False}",,"{'city': {'name': 'Piñeyro'}, 'state': {'id': 'AR-B', 'name': 'Buenos Aires'}, 'country': {'id': 'AR', 'name': 'Argentina'}, 'search_location': {'neighborhood': {'id': 'TUxBQlBJ0Tg1NDla', 'name': 'Piñeyro'}, 'city': {'id': 'TUxBQ0FWRTc5OTQ1', 'name': 'Avellaneda'}, 'state': {'id': 'TUxBUEdSQXJlMDNm', 'name': 'Bs.As. G.B.A. Sur'}}, 'id': 1110445786}",,{},,,,,,,,,,,,,,2024-01-12T14:12:25.340Z,2024-06-07T00:38:06.760Z,,
MLA1797235128,MLA,AirPods Pro (2da Generacion) Apple Original Sellado Nuevo,406869762,MLA3697,,179998,179998,,ARS,4,,buy_it_now,gold_special,new,,,,,,,,,"{'mode': 'me2', 'methods': [], 'tags': ['mandatory_free_shipping'], 'dimensions': None, 'local_pick_up': False, 'free_shipping': True, 'logistic_type': 'xd_drop_off', 'store_pick_up': False}",,"{'city': {'id': 'TUxBQ01PUmViMTE3', 'name': 'Moreno'}, 'state': {'id': 'AR-B', 'name': 'Buenos Aires'}, 'country': {'id': 'AR', 'name': 'Argentina'}, 'search_location': {'city': {'id': 'TUxBQ01PUmViMTE3', 'name': 'Moreno'}, 'state': {'id': 'TUxBUEdSQWVmNTVm', 'name': 'Bs.As. G.B.A. Oeste'}}, 'id': 1313029218}",,{},,,,,,,,,,,,,,2024-06-04T04:16:20.303Z,2024-06-06T23:28:00.119Z,,
MLA1649097686,MLA,AirPods Pro 2da Gen Lanzamiento 2023 Mod: A3047 A3048 A2968,200708852,MLA3697,,499990,499990,,ARS,10,,buy_it_now,gold_special,new,,,,,,,,,"{'mode': 'me2', 'methods': [], 'tags': ['mandatory_free_shipping'], 'dimensions': None, 'local_pick_up': False, 'free_shipping': True, 'logistic_type': 'fulfillment', 'store_pick_up': False}",,"{'city': {'id': 'TUxBQkFMTTMwNTBa', 'name': 'Almagro'}, 'state': {'id': 'AR-C', 'name': 'Capital Federal'}, 'country': {'id': 'AR', 'name': 'Argentina'}, 'search_location': {'neighborhood': {'id': 'TUxBQkFMTTMwNTBa', 'name': 'Almagro'}, 'city': {'id': 'TUxBQ0NBUGZlZG1sYQ', 'name': 'Capital Federal'}, 'state': {'id': 'TUxBUENBUGw3M2E1', 'name': 'Capital Federal'}}, 'id': 1030423633}",,{},,,,,,,,,,,,,,2024-01-29T16:57:50.000Z,2024-06-06T15:06:14.000Z,,
MLA1157335750,MLA,Auriculares Apple AirPods Pro Con Estuche De Carga Magsafe,262582139,MLA3697,,499999,499999,,ARS,3,,buy_it_now,gold_pro,new,,,,,,,,,"{'mode': 'me2', 'methods': [], 'tags': ['self_service_in', 'mandatory_free_shipping'], 'dimensions': None, 'local_pick_up': False, 'free_shipping': True, 'logistic_type': 'cross_docking', 'store_pick_up': False}",,"{'city': {'id': 'TUxBQkJBUjM0MDha', 'name': 'Barracas'}, 'state': {'id': 'AR-C', 'name': 'Capital Federal'}, 'country': {'id': 'AR', 'name': 'Argentina'}, 'search_location': {'neighborhood': {'id': 'TUxBQkJBUjM0MDha', 'name': 'Barracas'}, 'city': {'id': 'TUxBQ0NBUGZlZG1sYQ', 'name': 'Capital Federal'}, 'state': {'id': 'TUxBUENBUGw3M2E1', 'name': 'Capital Federal'}}, 'id': 1134586023}",,{},,,,,,,,,,,,,,2022-08-24T17:16:44.000Z,2024-05-21T20:55:36.000Z,,
MLA1330709273,MLA,Apple AirPods Pro Con Estuche De Carga Magsafe Wireless,153491318,MLA3697,,415999,415999,,ARS,33,,buy_it_now,gold_special,new,,,,,,,,,"{'mode': 'me2', 'methods': [], 'tags': ['self_service_in', 'mandatory_free_shipping'], 'dimensions': None, 'local_pick_up': True, 'free_shipping': True, 'logistic_type': 'cross_docking', 'store_pick_up': False}",,"{'city': {'id': 'TUxBQlZJTDYzNzZa', 'name': 'Villa Devoto'}, 'state': {'id': 'AR-C', 'name': 'Capital Federal'}, 'country': {'id': 'AR', 'name': 'Argentina'}, 'search_location': {'neighborhood': {'id': 'TUxBQlZJTDYzNzZa', 'name': 'Villa Devoto'}, 'city': {'id': 'TUxBQ0NBUGZlZG1sYQ', 'name': 'Capital Federal'}, 'state': {'id': 'TUxBUENBUGw3M2E1', 'name': 'Capital Federal'}}, 'id': 1093576915}",,{},,,,,,,,,,,,,,2023-02-01T19:31:25.000Z,2024-05-28T08:33:40.000Z,,
MLA1395111285,MLA,Almohadillas AirPods Pro (2nd Gen) Ear Tips - 2 Sets Medium,610838024,MLA3697,,39999,39999,,ARS,21,,buy_it_now,gold_special,new,,,,,,,,,"{'mode': 'me2', 'methods': [], 'tags': ['self_service_in', 'mandatory_free_shipping'], 'dimensions': None, 'local_pick_up': True, 'free_shipping': True, 'logistic_type': 'xd_drop_off', 'store_pick_up': False}",,"{'city': {'name': 'Montserrat'}, 'state': {'id': 'AR-C', 'name': 'Capital Federal'}, 'country': {'id': 'AR', 'name': 'Argentina'}, 'search_location': {'neighborhood': {'id': 'TUxBQlNBTjgxMzNa', 'name': 'San Telmo'}, 'city': {'id': 'TUxBQ0NBUGZlZG1sYQ', 'name': 'Capital Federal'}, 'state': {'id': 'TUxBUENBUGw3M2E1', 'name': 'Capital Federal'}}, 'id': 1118327043}",,{},,,,,,,,,,,,,,2023-11-08T20:20:41.000Z,2024-05-28T13:35:19.000Z,,
MLA859899694,MLA,Auriculares Apple AirPods Pro Bluetooth Carga Inalambica Fs,7055243,MLA3697,,379999,379999,,ARS,68,,buy_it_now,gold_special,new,,,,,,,,,"{'mode': 'me2', 'methods': [], 'tags': ['self_service_in', 'mandatory_free_shipping'], 'dimensions': None, 'local_pick_up': True, 'free_shipping': True, 'logistic_type': 'xd_drop_off', 'store_pick_up': False}",,"{'city': {'id': 'TUxBQlBBTDI1MTVa', 'name': 'Palermo'}, 'state': {'id': 'AR-C', 'name': 'Capital Federal'}, 'country': {'id': 'AR', 'name': 'Argentina'}, 'search_location': {'neighborhood': {'id': 'TUxBQlBBTDI1MTVa', 'name': 'Palermo'}, 'city': {'id': 'TUxBQ0NBUGZlZG1sYQ', 'name': 'Capital Federal'}, 'state': {'id': 'TUxBUENBUGw3M2E1', 'name': 'Capital Federal'}}, 'id': 99717158}",,{},,,,,,,,,,,,,,2020-06-03T18:44:16.000Z,2024-06-07T01:45:26.883Z,,
MLA1397339055,MLA,Apple AirPods Max - Rosa,130511705,MLA3697,,820000,820000,,ARS,1,,buy_it_now,gold_special,new,,,,,,,,,"{'mode': 'me2', 'methods': [], 'tags': ['mandatory_free_shipping'], 'dimensions': None, 'local_pick_up': True, 'free_shipping': True, 'logistic_type': 'xd_drop_off', 'store_pick_up': False}",,"{'city': {'id': 'TUxBQkJFTDcyNTJa', 'name': 'Belgrano'}, 'state': {'id': 'AR-C', 'name': 'Capital Federal'}, 'country': {'id': 'AR', 'name': 'Argentina'}, 'search_location': {'neighborhood': {'id': 'TUxBQkJFTDcyNTJa', 'name': 'Belgrano'}, 'city': {'id': 'TUxBQ0NBUGZlZG1sYQ', 'name': 'Capital Federal'}, 'state': {'id': 'TUxBUENBUGw3M2E1', 'name': 'Capital Federal'}}, 'id': 1145424291}",,{},,,,,,,,,,,,,,2023-11-29T18:55:11.000Z,2024-05-08T11:31:20.000Z,,
MLA1362297622,MLA,Apple AirPods Pro (2da Generación),169311474,MLA3697,,561900,561900,,ARS,601,,buy_it_now,gold_special,new,,,,,,,,,"{'mode': 'me2', 'methods': [], 'tags': ['self_service_in', 'mandatory_free_shipping'], 'dimensions': None, 'local_pick_up': False, 'free_shipping': True, 'logistic_type': 'cross_docking', 'store_pick_up': False}",,"{'city': {'name': 'Benavidez'}, 'state': {'id': 'AR-B', 'name': 'Buenos Aires'}, 'country': {'id': 'AR', 'name': 'Argentina'}, 'search_location': {'neighborhood': {'id': 'TUxBQkJFTjUyOTla', 'name': 'Benavídez'}, 'city': {'id': 'TUxBQ1RJRzk0ZjQw', 'name': 'Tigre'}, 'state': {'id': 'TUxBUEdSQWU4ZDkz', 'name': 'Bs.As. G.B.A. Norte'}}, 'id': 1243037112}",,{},,,,,,,,,,,,,,2023-03-03T14:58:13.000Z,2024-06-04T16:54:43.000Z,,
MLA1426630605,MLA,Apple AirPods (segunda Generacion) Con Estuche De Carga ,237714148,MLA3697,,14249998.57,14249998.57,,ARS,1,,buy_it_now,gold_pro,new,,,,,,,,,"{'mode': 'me2', 'methods': [], 'tags': ['self_service_in', 'mandatory_free_shipping'], 'dimensions': None, 'local_pick_up': True, 'free_shipping': True, 'logistic_type': 'xd_drop_off', 'store_pick_up': False}",,"{'city': {'id': 'TUxBQk1PTjUxOTJa', 'name': 'Monserrat'}, 'state': {'id': 'AR-C', 'name': 'Capital Federal'}, 'country': {'id': 'AR', 'name': 'Argentina'}, 'search_location': {'neighborhood': {'id': 'TUxBQk1PTjUxOTJa', 'name': 'Monserrat'}, 'city': {'id': 'TUxBQ0NBUGZlZG1sYQ', 'name': 'Capital Federal'}, 'state': {'id': 'TUxBUENBUGw3M2E1', 'name': 'Capital Federal'}}, 'id': 1237583234}",,{},,,,,,,,,,,,,,2024-05-15T03:58:51.000Z,2024-06-04T16:37:16.000Z,,
MLA1403858177,MLA,Apple AirPods Pro 2nd Generacion,231153278,MLA3697,,485779,485779,,ARS,7,,buy_it_now,gold_special,new,,,,,,,,,"{'mode': 'me2', 'methods': [], 'tags': ['self_service_in', 'mandatory_free_shipping'], 'dimensions': None, 'local_pick_up': True, 'free_shipping': True, 'logistic_type': 'cross_docking', 'store_pick_up': False}",,"{'city': {'id': 'TUxBQkJBUjM0MDha', 'name': 'Barracas'}, 'state': {'id': 'AR-C', 'name': 'Capital Federal'}, 'country': {'id': 'AR', 'name': 'Argentina'}, 'search_location': {'neighborhood': {'id': 'TUxBQkJBUjM0MDha', 'name': 'Barracas'}, 'city': {'id': 'TUxBQ0NBUGZlZG1sYQ', 'name': 'Capital Federal'}, 'state': {'id': 'TUxBUENBUGw3M2E1', 'name': 'Capital Federal'}}, 'id': 1223988401}",,{},,,,,,,,,,,,,,2024-01-23T18:34:37.000Z,2024-06-07T00:39:54.562Z,,
MLA1588490088,MLA,Almohadillas AirPods Pro (1ra Gen) Ear Tips - 2 Sets Medium,610838024,MLA3697,,39999,39999,,ARS,17,,buy_it_now,gold_special,new,,,,,,,,,"{'mode': 'me2', 'methods': [], 'tags': ['self_service_in', 'mandatory_free_shipping'], 'dimensions': None, 'local_pick_up': True, 'free_shipping': True, 'logistic_type': 'xd_drop_off', 'store_pick_up': False}",,"{'city': {'name': 'Montserrat'}, 'state': {'id': 'AR-C', 'name': 'Capital Federal'}, 'country': {'id': 'AR', 'name': 'Argentina'}, 'search_location': {'neighborhood': {'id': 'TUxBQlNBTjgxMzNa', 'name': 'San Telmo'}, 'city': {'id': 'TUxBQ0NBUGZlZG1sYQ', 'name': 'Capital Federal'}, 'state': {'id': 'TUxBUENBUGw3M2E1', 'name': 'Capital Federal'}}, 'id': 1118327043}",,{},,,,,,,,,,,,,,2023-12-04T20:11:33.000Z,2024-05-20T10:25:39.000Z,,
MLA1588680992,MLA,Almohadillas AirPods Pro (1ra Gen) Ear Tips - 2 Sets Medium,610838024,MLA3697,,59999,59999,,ARS,13,,buy_it_now,gold_pro,new,,,,,,,,,"{'mode': 'me2', 'methods': [], 'tags': ['self_service_in', 'mandatory_free_shipping'], 'dimensions': None, 'local_pick_up': True, 'free_shipping': True, 'logistic_type': 'xd_drop_off', 'store_pick_up': False}",,"{'city': {'name': 'Montserrat'}, 'state': {'id': 'AR-C', 'name': 'Capital Federal'}, 'country': {'id': 'AR', 'name': 'Argentina'}, 'search_location': {'neighborhood': {'id': 'TUxBQlNBTjgxMzNa', 'name': 'San Telmo'}, 'city': {'id': 'TUxBQ0NBUGZlZG1sYQ', 'name': 'Capital Federal'}, 'state': {'id': 'TUxBUENBUGw3M2E1', 'name': 'Capital Federal'}}, 'id': 1118327043}",,{},,,,,,,,,,,,,,2023-12-04T20:15:48.000Z,2024-06-04T17:57:21.000Z,,
MLA1664684292,MLA,Apple AirPods Max Garantia Oficial Apple,696039820,MLA3697,,799999,799999,,ARS,10,,buy_it_now,gold_special,new,,,,,,,,,"{'mode': 'me2', 'methods': [], 'tags': ['mandatory_free_shipping'], 'dimensions': None, 'local_pick_up': False, 'free_shipping': True, 'logistic_type': 'xd_drop_off', 'store_pick_up': False}",,"{'city': {'name': 'Florida Oeste'}, 'state': {'id': 'AR-B', 'name': 'Buenos Aires'}, 'country': {'id': 'AR', 'name': 'Argentina'}, 'search_location': {'neighborhood': {'id': 'TUxBQkZMTzk1MjVa', 'name': 'Florida Oeste'}, 'city': {'id': 'TUxBQ1ZJQ2E3MTQz', 'name': 'Vicente López'}, 'state': {'id': 'TUxBUEdSQWU4ZDkz', 'name': 'Bs.As. G.B.A. Norte'}}, 'id': 1355793607}",,{},,,,,,,,,,,,,,2024-02-09T19:01:12.000Z,2024-05-29T15:11:07.000Z,,
MLA1481638406,MLA,Apple AirPods (3ª generación) Con estuche De carga Lightning,1280164505,MLA3697,,299999,299999,,ARS,2,,buy_it_now,gold_special,new,,,,,,,,,"{'mode': 'me2', 'methods': [], 'tags': ['mandatory_free_shipping'], 'dimensions': None, 'local_pick_up': True, 'free_shipping': True, 'logistic_type': 'xd_drop_off', 'store_pick_up': False}",,"{'city': {'id': 'TUxBQ1JPUzg1Yjg3', 'name': 'Rosario'}, 'state': {'id': 'AR-S', 'name': 'Santa Fe'}, 'country': {'id': 'AR', 'name': 'Argentina'}, 'search_location': {'city': {'id': 'TUxBQ1JPUzg1Yjg3', 'name': 'Rosario'}, 'state': {'id': 'TUxBUFNBTmU5Nzk2', 'name': 'Santa Fe'}}, 'id': 1281268149}",,{},,,,,,,,,,,,,,2023-08-24T15:12:24.000Z,2024-04-07T02:55:47.000Z,,
MLA1426782989,MLA,Apple AirPods (segunda Generacion) Con Estuche De Carga ,237714148,MLA3697,,11764999.1,11764999.1,,ARS,1,,buy_it_now,gold_pro,new,,,,,,,,,"{'mode': 'me2', 'methods': [], 'tags': ['self_service_in', 'mandatory_free_shipping'], 'dimensions': None, 'local_pick_up': True, 'free_shipping': True, 'logistic_type': 'xd_drop_off', 'store_pick_up': False}",,"{'city': {'id': 'TUxBQk1PTjUxOTJa', 'name': 'Monserrat'}, 'state': {'id': 'AR-C', 'name': 'Capital Federal'}, 'country': {'id': 'AR', 'name': 'Argentina'}, 'search_location': {'neighborhood': {'id': 'TUxBQk1PTjUxOTJa', 'name': 'Monserrat'}, 'city': {'id': 'TUxBQ0NBUGZlZG1sYQ', 'name': 'Capital Federal'}, 'state': {'id': 'TUxBUENBUGw3M2E1', 'name': 'Capital Federal'}}, 'id': 1237583234}",,{},,,,,,,,,,,,,,2024-05-16T04:58:58.000Z,2024-06-04T12:13:53.000Z,,
MLA1656205890,MLA,Apple AirPods Pro (2ª Generación),213278387,MLA3697,,320000,320000,,ARS,100,,buy_it_now,gold_special,new,,,,,,,,,"{'mode': 'me2', 'methods': [], 'tags': ['mandatory_free_shipping'], 'dimensions': None, 'local_pick_up': False, 'free_shipping': True, 'logistic_type': 'xd_drop_off', 'store_pick_up': False}",,"{'city': {'id': 'TUxBQkJBTDMxMDZa', 'name': 'Balvanera'}, 'state': {'id': 'AR-C', 'name': 'Capital Federal'}, 'country': {'id': 'AR', 'name': 'Argentina'}, 'search_location': {'neighborhood': {'id': 'TUxBQkJBTDMxMDZa', 'name': 'Balvanera'}, 'city': {'id': 'TUxBQ0NBUGZlZG1sYQ', 'name': 'Capital Federal'}, 'state': {'id': 'TUxBUENBUGw3M2E1', 'name': 'Capital Federal'}}, 'id': 183660962}",,{},,,,,,,,,,,,,,2024-02-02T17:41:13.000Z,2024-06-05T16:56:21.000Z,,
MLA1412480400,MLA,Apple AirPods Pro (2ª Generación) - Blanco,703954262,MLA3697,,649999,649999,,ARS,3,,buy_it_now,gold_special,new,,,,,,,,,"{'mode': 'me2', 'methods': [], 'tags': ['mandatory_free_shipping'], 'dimensions': None, 'local_pick_up': False, 'free_shipping': True, 'logistic_type': 'cross_docking', 'store_pick_up': False}",,"{'city': {'id': 'TUxBQlNBTjgzMjRa', 'name': 'San Nicolás'}, 'state': {'id': 'AR-C', 'name': 'Capital Federal'}, 'country': {'id': 'AR', 'name': 'Argentina'}, 'search_location': {'neighborhood': {'id': 'TUxBQlNBTjgzMjRa', 'name': 'San Nicolás'}, 'city': {'id': 'TUxBQ0NBUGZlZG1sYQ', 'name': 'Capital Federal'}, 'state': {'id': 'TUxBUENBUGw3M2E1', 'name': 'Capital Federal'}}, 'id': 1324386644}",,{},,,,,,,,,,,,,,2023-05-09T13:52:57.000Z,2024-06-06T05:03:15.940Z,,
MLA1628241386,MLA,AirPods (3ª generación) Con estuche De carga,553476757,MLA3697,,539999.1,539999.1,,ARS,16,,buy_it_now,gold_pro,new,,,,,,,,,"{'mode': 'me2', 'methods': [], 'tags': ['self_service_in', 'mandatory_free_shipping'], 'dimensions': None, 'local_pick_up': False, 'free_shipping': True, 'logistic_type': 'fulfillment', 'store_pick_up': False}",,"{'city': {'name': 'Piñeyro'}, 'state': {'id': 'AR-B', 'name': 'Buenos Aires'}, 'country': {'id': 'AR', 'name': 'Argentina'}, 'search_location': {'neighborhood': {'id': 'TUxBQlBJ0Tg1NDla', 'name': 'Piñeyro'}, 'city': {'id': 'TUxBQ0FWRTc5OTQ1', 'name': 'Avellaneda'}, 'state': {'id': 'TUxBUEdSQXJlMDNm', 'name': 'Bs.As. G.B.A. Sur'}}, 'id': 1110445786}",,{},,,,,,,,,,,,,,2024-01-12T14:21:01.219Z,2024-06-05T03:17:09.950Z,,
MLA1701439230,MLA,AirPods Pro 2da Generación,192518895,MLA3697,,329000,329000,,ARS,50,,buy_it_now,gold_special,new,,,,,,,,,"{'mode': 'me2', 'methods': [], 'tags': ['mandatory_free_shipping'], 'dimensions': None, 'local_pick_up': False, 'free_shipping': True, 'logistic_type': 'xd_drop_off', 'store_pick_up': False}",,"{'city': {'name': 'Belgrano'}, 'state': {'id': 'AR-C', 'name': 'Capital Federal'}, 'country': {'id': 'AR', 'name': 'Argentina'}, 'search_location': {'neighborhood': {'id': 'TUxBQkJFTDcyNTJa', 'name': 'Belgrano'}, 'city': {'id': 'TUxBQ0NBUGZlZG1sYQ', 'name': 'Capital Federal'}, 'state': {'id': 'TUxBUENBUGw3M2E1', 'name': 'Capital Federal'}}, 'id': 275545548}",,{},,,,,,,,,,,,,,2024-03-12T20:21:02.000Z,2024-05-31T17:17:42.000Z,,
MLA1384504026,MLA,Apple AirPods (3ªgen)original Con estuche De carga Lightning,156974843,MLA3697,,249394.16,249394.16,,ARS,17,,buy_it_now,gold_special,new,,,,,,,,,"{'mode': 'me2', 'methods': [], 'tags': ['self_service_out', 'mandatory_free_shipping'], 'dimensions': None, 'local_pick_up': True, 'free_shipping': True, 'logistic_type': 'xd_drop_off', 'store_pick_up': False}",,"{'city': {'id': 'TUxBQlZJTDQyMjFa', 'name': 'Villa Ortúzar'}, 'state': {'id': 'AR-C', 'name': 'Capital Federal'}, 'country': {'id': 'AR', 'name': 'Argentina'}, 'search_location': {'neighborhood': {'id': 'TUxBQlZJTDQyMjFa', 'name': 'Villa Ortúzar'}, 'city': {'id': 'TUxBQ0NBUGZlZG1sYQ', 'name': 'Capital Federal'}, 'state': {'id': 'TUxBUENBUGw3M2E1', 'name': 'Capital Federal'}}, 'id': 168618316}",,{},,,,,,,,,,,,,,2023-03-31T15:10:11.000Z,2024-06-03T18:39:02.000Z,,
MLA1422245676,MLA,Apple AirPods (3ª generación) Con estuche De Carga Lightning,703954262,MLA3697,,459999,459999,,ARS,7,,buy_it_now,gold_special,new,,,,,,,,,"{'mode': 'me2', 'methods': [], 'tags': ['mandatory_free_shipping'], 'dimensions': None, 'local_pick_up': False, 'free_shipping': True, 'logistic_type': 'cross_docking', 'store_pick_up': False}",,"{'city': {'id': 'TUxBQlNBTjgzMjRa', 'name': 'San Nicolás'}, 'state': {'id': 'AR-C', 'name': 'Capital Federal'}, 'country': {'id': 'AR', 'name': 'Argentina'}, 'search_location': {'neighborhood': {'id': 'TUxBQlNBTjgzMjRa', 'name': 'San Nicolás'}, 'city': {'id': 'TUxBQ0NBUGZlZG1sYQ', 'name': 'Capital Federal'}, 'state': {'id': 'TUxBUENBUGw3M2E1', 'name': 'Capital Federal'}}, 'id': 1324386644}",,{},,,,,,,,,,,,,,2023-05-23T17:10:45.000Z,2024-06-06T05:01:21.827Z,,
MLA1640800530,MLA,Apple AirPods Max Plateado Auricular Headset Bluetooth,1312428764,MLA3697,,1286884,1286884,,ARS,1,,buy_it_now,gold_pro,new,,,,,,,,,"{'mode': 'me2', 'methods': [], 'tags': ['self_service_in', 'mandatory_free_shipping'], 'dimensions': None, 'local_pick_up': True, 'free_shipping': True, 'logistic_type': 'xd_drop_off', 'store_pick_up': False}",,"{'city': {'id': 'TUxBQ0NBUGNiZGQx', 'name': 'Córdoba'}, 'state': {'id': 'AR-X', 'name': 'Córdoba'}, 'country': {'id': 'AR', 'name': 'Argentina'}, 'search_location': {'city': {'id': 'TUxBQ0NBUGNiZGQx', 'name': 'Córdoba'}, 'state': {'id': 'TUxBUENPUmFkZGIw', 'name': 'Córdoba'}}, 'id': 1303051575}",,{},,,,,,,,,,,,,,2024-01-23T15:16:18.000Z,2024-06-06T15:32:23.000Z,,
MLA1635429684,MLA,Apple AirPods Pro (2nd Generation) ,450802254,MLA3697,,320877.2,320877.2,,ARS,9,,buy_it_now,gold_pro,new,,,,,,,,,"{'mode': 'me2', 'methods': [], 'tags': ['mandatory_free_shipping'], 'dimensions': None, 'local_pick_up': False, 'free_shipping': True, 'logistic_type': 'drop_off', 'store_pick_up': False}",,"{'city': {'name': 'Villa crespo'}, 'state': {'id': 'AR-C', 'name': 'Capital Federal'}, 'country': {'id': 'AR', 'name': 'Argentina'}, 'search_location': {'neighborhood': {'id': 'TUxBQlZJTDQyMjBa', 'name': 'Villa Crespo'}, 'city': {'id': 'TUxBQ0NBUGZlZG1sYQ', 'name': 'Capital Federal'}, 'state': {'id': 'TUxBUENBUGw3M2E1', 'name': 'Capital Federal'}}, 'id': 1097332817}",,{},,,,,,,,,,,,,,2024-01-18T15:25:13.498Z,2024-05-27T02:22:19.001Z,,
MLA1393292701,MLA,Apple AirPods 2da Generación Estuche De Carga Blanco,402013662,MLA3697,,306460,306460,,ARS,10,,buy_it_now,gold_special,new,,,,,,,,,"{'mode': 'me2', 'methods': [], 'tags': ['mandatory_free_shipping'], 'dimensions': None, 'local_pick_up': False, 'free_shipping': True, 'logistic_type': 'cross_docking', 'store_pick_up': False}",,"{'city': {'name': 'Bella vista'}, 'state': {'id': 'AR-B', 'name': 'Buenos Aires'}, 'country': {'id': 'AR', 'name': 'Argentina'}, 'search_location': {'neighborhood': {'id': 'TUxBQkJFTDk1OTRa', 'name': 'Bella Vista'}, 'city': {'id': 'TUxBQ1NBTm1pZ3VlbA', 'name': 'San Miguel'}, 'state': {'id': 'TUxBUEdSQWU4ZDkz', 'name': 'Bs.As. G.B.A. Norte'}}, 'id': 1352559151}",,{},,,,,,,,,,,,,,2023-10-24T20:13:13.000Z,2024-06-04T15:59:00.000Z,,
MLA1396819575,MLA,Apple AirPods Max Gris Espacial Auricular Headset Bluetooth,1312428764,MLA3697,,1286884.0,1286884.0,,ARS,1,,buy_it_now,gold_pro,new,,,,,,,,,"{'mode': 'me2', 'methods': [], 'tags': ['self_service_in', 'mandatory_free_shipping'], 'dimensions': None, 'local_pick_up': True, 'free_shipping': True, 'logistic_type': 'xd_drop_off', 'store_pick_up': False}",,"{'city': {'id': 'TUxBQ0NBUGNiZGQx', 'name': 'Córdoba'}, 'state': {'id': 'AR-X', 'name': 'Córdoba'}, 'country': {'id': 'AR', 'name': 'Argentina'}, 'search_location': {'city': {'id': 'TUxBQ0NBUGNiZGQx', 'name': 'Córdoba'}, 'state': {'id': 'TUxBUENPUmFkZGIw', 'name': 'Córdoba'}}, 'id': 1303051575}",,{},,,,,,,,,,,,,,2023-11-24T17:12:55.131Z,2024-06-06T20:09:51.848Z,,
MLA1420299557,MLA,Auriculares Apple AirPods 3ra Generacion ,637414149,MLA3697,,330999,330999,,ARS,3,,buy_it_now,gold_pro,new,,,,,,,,,"{'mode': 'me2', 'methods': [], 'tags': ['mandatory_free_shipping'], 'dimensions': None, 'local_pick_up': False, 'free_shipping': True, 'logistic_type': 'drop_off', 'store_pick_up': False}",,"{'city': {'name': 'Colonia Caroya'}, 'state': {'id': 'AR-X', 'name': 'Córdoba'}, 'country': {'id': 'AR', 'name': 'Argentina'}, 'search_location': {'neighborhood': {'id': 'TUxBQkNPTDY4Nzha', 'name': 'Colonia Caroya'}, 'city': {'id': 'TUxBQ0NPTDdlNmZl', 'name': 'Colón'}, 'state': {'id': 'TUxBUENPUmFkZGIw', 'name': 'Córdoba'}}, 'id': 1284371708}",,{},,,,,,,,,,,,,,2024-04-08T22:44:12.000Z,2024-05-21T19:55:42.000Z,,
MLA913072520,MLA,AirPods With Charging Case,703954262,MLA3697,,339999,339999,,ARS,30,,buy_it_now,gold_special,new,,,,,,,,,"{'mode': 'me2', 'methods': [], 'tags': ['mandatory_free_shipping'], 'dimensions': None, 'local_pick_up': True, 'free_shipping': True, 'logistic_type': 'cross_docking', 'store_pick_up': False}",,"{'city': {'id': 'TUxBQlNBTjgzMjRa', 'name': 'San Nicolás'}, 'state': {'id': 'AR-C', 'name': 'Capital Federal'}, 'country': {'id': 'AR', 'name': 'Argentina'}, 'search_location': {'neighborhood': {'id': 'TUxBQlNBTjgzMjRa', 'name': 'San Nicolás'}, 'city': {'id': 'TUxBQ0NBUGZlZG1sYQ', 'name': 'Capital Federal'}, 'state': {'id': 'TUxBUENBUGw3M2E1', 'name': 'Capital Federal'}}, 'id': 1324386644}",,{},,,,,,,,,,,,,,2021-03-22T20:56:11.000Z,2024-06-06T05:00:38.190Z,,
MLA1431360147,MLA,Apple AirPods 2 (segunda Generación) Caja Sellada,541272037,MLA3697,,140000,140000,,ARS,1,,buy_it_now,gold_special,new,,,,,,,,,"{'mode': 'me2', 'methods': [], 'tags': ['mandatory_free_shipping'], 'dimensions': None, 'local_pick_up': False, 'free_shipping': True, 'logistic_type': 'xd_drop_off', 'store_pick_up': False}",,"{'city': {'id': 'TUxBQkNPRzY5MTZa', 'name': 'Coghlan'}, 'state': {'id': 'AR-C', 'name': 'Capital Federal'}, 'country': {'id': 'AR', 'name': 'Argentina'}, 'search_location': {'neighborhood': {'id': 'TUxBQkNPRzY5MTZa', 'name': 'Coghlan'}, 'city': {'id': 'TUxBQ0NBUGZlZG1sYQ', 'name': 'Capital Federal'}, 'state': {'id': 'TUxBUENBUGw3M2E1', 'name': 'Capital Federal'}}, 'id': 1096624563}",,{},,,,,,,,,,,,,,2024-06-06T14:48:09.942Z,2024-06-07T00:47:42.830Z,,
MLA1470999940,MLA,Apple AirPods (segunda Generacion) Con Estuche De Carga ,47454071,MLA3697,,149935.56,149935.56,,ARS,1,,buy_it_now,gold_special,new,,,,,,,,,"{'mode': 'me2', 'methods': [], 'tags': ['mandatory_free_shipping'], 'dimensions': None, 'local_pick_up': False, 'free_shipping': True, 'logistic_type': 'drop_off', 'store_pick_up': False}",,"{'city': {'id': 'TUxBQlBBTDI1MTVa', 'name': 'Palermo'}, 'state': {'id': 'AR-C', 'name': 'Capital Federal'}, 'country': {'id': 'AR', 'name': 'Argentina'}, 'search_location': {'neighborhood': {'id': 'TUxBQlBBTDI1MTVa', 'name': 'Palermo'}, 'city': {'id': 'TUxBQ0NBUGZlZG1sYQ', 'name': 'Capital Federal'}, 'state': {'id': 'TUxBUENBUGw3M2E1', 'name': 'Capital Federal'}}, 'id': 150913500}",,{},,,,,,,,,,,,,,2023-08-13T18:54:20.000Z,2024-06-05T15:05:11.000Z,,
MLA796641306,MLA,AirPods Auriculares Inalambricos iPhone Original Apple,195827973,MLA3697,,294989.99,294989.99,,ARS,9,,buy_it_now,gold_special,new,,,,,,,,,"{'mode': 'me2', 'methods': [], 'tags': ['self_service_in', 'mandatory_free_shipping'], 'dimensions': None, 'local_pick_up': True, 'free_shipping': True, 'logistic_type': 'xd_drop_off', 'store_pick_up': False}",,"{'city': {'name': 'Ramos Mejía'}, 'state': {'id': 'AR-B', 'name': 'Buenos Aires'}, 'country': {'id': 'AR', 'name': 'Argentina'}, 'search_location': {'neighborhood': {'id': 'TUxBQlJBTTE3Mzla', 'name': 'Ramos Mejía'}, 'city': {'id': 'TUxBQ0xBTWF0YW56', 'name': 'La Matanza'}, 'state': {'id': 'TUxBUEdSQWVmNTVm', 'name': 'Bs.As. G.B.A. Oeste'}}, 'id': 171663955}",,{},,,,,,,,,,,,,,2019-07-02T16:07:36.000Z,2024-04-25T01:31:19.000Z,,
MLA1640736108,MLA,Apple AirPods Max Plateado Auricular Headset Bluetooth,1312428764,MLA3697,,1158957,1158957,,ARS,1,,buy_it_now,gold_special,new,,,,,,,,,"{'mode': 'me2', 'methods': [], 'tags': ['self_service_in', 'mandatory_free_shipping'], 'dimensions': None, 'local_pick_up': True, 'free_shipping': True, 'logistic_type': 'xd_drop_off', 'store_pick_up': False}",,"{'city': {'id': 'TUxBQ0NBUGNiZGQx', 'name': 'Córdoba'}, 'state': {'id': 'AR-X', 'name': 'Córdoba'}, 'country': {'id': 'AR', 'name': 'Argentina'}, 'search_location': {'city': {'id': 'TUxBQ0NBUGNiZGQx', 'name': 'Córdoba'}, 'state': {'id': 'TUxBUENPUmFkZGIw', 'name': 'Córdoba'}}, 'id': 1303051575}",,{},,,,,,,,,,,,,,2024-01-23T15:20:22.000Z,2024-06-04T18:14:44.000Z,,
MLA1359485611,MLA,Apple AirPods Pro (2ª Generación),136452375,MLA3697,,399999,399999,,ARS,49,,buy_it_now,gold_special,new,,,,,,,,,"{'mode': 'me2', 'methods': [], 'tags': ['self_service_in', 'mandatory_free_shipping'], 'dimensions': None, 'local_pick_up': False, 'free_shipping': True, 'logistic_type': 'xd_drop_off', 'store_pick_up': False}",,"{'city': {'name': 'AVELLANEDA'}, 'state': {'id': 'AR-B', 'name': 'Buenos Aires'}, 'country': {'id': 'AR', 'name': 'Argentina'}, 'search_location': {'neighborhood': {'id': 'TUxBQlBJ0Tg1NDla', 'name': 'Piñeyro'}, 'city': {'id': 'TUxBQ0FWRTc5OTQ1', 'name': 'Avellaneda'}, 'state': {'id': 'TUxBUEdSQXJlMDNm', 'name': 'Bs.As. G.B.A. Sur'}}, 'id': 1082039200}",,{},,,,,,,,,,,,,,2023-02-27T14:41:16.000Z,2024-05-27T00:29:59.596Z,,
MLA1401878415,MLA,Auriculares Samsung Galaxy Buds Fe Grafito Sm-r400nza,608846165,MLA3518,,167999,167999,,ARS,601,,buy_it_now,gold_pro,new,,,,,,,,,"{'mode': 'me2', 'methods': [], 'tags': ['mandatory_free_shipping'], 'dimensions': None, 'local_pick_up': False, 'free_shipping': True, 'logistic_type': 'fulfillment', 'store_pick_up': False}",,"{'city': {'name': 'Villa Celina'}, 'state': {'id': 'AR-B', 'name': 'Buenos Aires'}, 'country': {'id': 'AR', 'name': 'Argentina'}, 'search_location': {'neighborhood': {'id': 'TVhYVmlsbGEgQ2VsaW5hVFV4QlEweEJUV0YwW', 'name': 'Villa Celina'}, 'city': {'id': 'TUxBQ0xBTWF0YW56', 'name': 'La Matanza'}, 'state': {'id': 'TUxBUEdSQWVmNTVm', 'name': 'Bs.As. G.B.A. Oeste'}}, 'id': 1118245173}",,{},,,,,,,,,,,,,,2024-01-10T13:03:35.000Z,2024-06-07T00:45:14.000Z,,
MLA1394770629,MLA,Auriculares Inalambricos Bluetooth Soul Tws 300 Color Negro,293421646,MLA3697,,23000,23000,,ARS,163,,buy_it_now,gold_special,new,,,,,,,,,"{'mode': 'me2', 'methods': [], 'tags': ['self_service_in', 'mandatory_free_shipping'], 'dimensions': None, 'local_pick_up': True, 'free_shipping': True, 'logistic_type': 'cross_docking', 'store_pick_up': False}",,"{'city': {'name': 'Munro'}, 'state': {'id': 'AR-B', 'name': 'Buenos Aires'}, 'country': {'id': 'AR', 'name': 'Argentina'}, 'search_location': {'neighborhood': {'id': 'TUxBQk1VTjY1MDNa', 'name': 'Munro'}, 'city': {'id': 'TUxBQ1ZJQ2E3MTQz', 'name': 'Vicente López'}, 'state': {'id': 'TUxBUEdSQWU4ZDkz', 'name': 'Bs.As. G.B.A. Norte'}}, 'id': 1161972168}",,{},,,,,,,,,,,,,,2023-11-06T20:47:40.000Z,2024-06-06T18:00:24.000Z,,
MLA1430689419,MLA,Auriculares In-ear Con Micrófono Y Volumen Cable Mallado Color Negro,674356822,MLA3697,,4657,4657,,ARS,30,,buy_it_now,gold_special,new,,,,,,,,,"{'mode': 'me2', 'methods': [], 'tags': ['fbm_in_process'], 'dimensions': None, 'local_pick_up': True, 'free_shipping': False, 'logistic_type': 'xd_drop_off', 'store_pick_up': False}",,"{'city': {'id': 'TUxBQ1RJRzk0ZjQw', 'name': 'Tigre'}, 'state': {'id': 'AR-B', 'name': 'Buenos Aires'}, 'country': {'id': 'AR', 'name': 'Argentina'}, 'search_location': {'city': {'id': 'TUxBQ1RJRzk0ZjQw', 'name': 'Tigre'}, 'state': {'id': 'TUxBUEdSQWU4ZDkz', 'name': 'Bs.As. G.B.A. Norte'}}, 'id': 1142661772}",,{},,,,,,,,,,,,,,2024-06-04T16:44:57.415Z,2024-06-06T16:18:40.159Z,,
MLA1719231470,MLA,"Audifono Samsung Galaxy Buds Fe Sm-r400, Bluetooth Blanco Color White Color De La Luz Azul",77797611,MLA3518,,127299.33,127299.33,,ARS,34,,buy_it_now,gold_special,new,,,,,,,,,"{'mode': 'me2', 'methods': [], 'tags': ['self_service_out', 'mandatory_free_shipping'], 'dimensions': None, 'local_pick_up': False, 'free_shipping': True, 'logistic_type': 'fulfillment', 'store_pick_up': False}",,"{'city': {'id': 'TUxBQlNBTjgzMjRa', 'name': 'San Nicolás'}, 'state': {'id': 'AR-C', 'name': 'Capital Federal'}, 'country': {'id': 'AR', 'name': 'Argentina'}, 'search_location': {'neighborhood': {'id': 'TUxBQlNBTjgzMjRa', 'name': 'San Nicolás'}, 'city': {'id': 'TUxBQ0NBUGZlZG1sYQ', 'name': 'Capital Federal'}, 'state': {'id': 'TUxBUENBUGw3M2E1', 'name': 'Capital Federal'}}, 'id': 1298000601}",,{},,,,,,,,,,,,,,2024-03-26T18:00:07.000Z,2024-06-06T21:59:18.237Z,,
MLA1199979833,MLA,Audífonos Inalámbricos Bluetooth Samsung Galaxy Buds 2 Color Lila,284824585,MLA3697,,189990.5,189990.5,,ARS,1002,,buy_it_now,gold_special,new,,,,,,,,,"{'mode': 'me2', 'methods': [], 'tags': ['self_service_in', 'mandatory_free_shipping'], 'dimensions': None, 'local_pick_up': False, 'free_shipping': True, 'logistic_type': 'cross_docking', 'store_pick_up': False}",,"{'city': {'id': 'TUxBQlBBVDI0ODFa', 'name': 'Paternal'}, 'state': {'id': 'AR-C', 'name': 'Capital Federal'}, 'country': {'id': 'AR', 'name': 'Argentina'}, 'search_location': {'neighborhood': {'id': 'TUxBQlNBQTM3Mzda', 'name': 'Saavedra'}, 'city': {'id': 'TUxBQ0NBUGZlZG1sYQ', 'name': 'Capital Federal'}, 'state': {'id': 'TUxBUENBUGw3M2E1', 'name': 'Capital Federal'}}, 'id': 1191288356}",,{},,,,,,,,,,,,,,2022-10-18T16:03:08.000Z,2024-06-06T23:48:28.000Z,,
MLA1673999472,MLA,Samsung Galaxy Buds 2 Color Negro Graphite,78024526,MLA3518,,199999,199999,,ARS,26,,buy_it_now,gold_special,new,,,,,,,,,"{'mode': 'me2', 'methods': [], 'tags': ['mandatory_free_shipping'], 'dimensions': None, 'local_pick_up': False, 'free_shipping': True, 'logistic_type': 'cross_docking', 'store_pick_up': False}",,"{'city': {'id': 'TUxBQkxJTjEzNTha', 'name': 'Liniers'}, 'state': {'id': 'AR-C', 'name': 'Capital Federal'}, 'country': {'id': 'AR', 'name': 'Argentina'}, 'search_location': {'neighborhood': {'id': 'TUxBQkxJTjEzNTha', 'name': 'Liniers'}, 'city': {'id': 'TUxBQ0NBUGZlZG1sYQ', 'name': 'Capital Federal'}, 'state': {'id': 'TUxBUENBUGw3M2E1', 'name': 'Capital Federal'}}, 'id': 67424350}",,{},,,,,,,,,,,,,,2024-02-19T04:17:19.000Z,2024-06-06T20:04:37.702Z,,
MLA1606129372,MLA,Samsung Galaxy Buds2 Color Negro,78024526,MLA3697,,199999,199999,,ARS,24,,buy_it_now,gold_special,new,,,,,,,,,"{'mode': 'me2', 'methods': [], 'tags': ['mandatory_free_shipping'], 'dimensions': None, 'local_pick_up': False, 'free_shipping': True, 'logistic_type': 'cross_docking', 'store_pick_up': False}",,"{'city': {'id': 'TUxBQkxJTjEzNTha', 'name': 'Liniers'}, 'state': {'id': 'AR-C', 'name': 'Capital Federal'}, 'country': {'id': 'AR', 'name': 'Argentina'}, 'search_location': {'neighborhood': {'id': 'TUxBQkxJTjEzNTha', 'name': 'Liniers'}, 'city': {'id': 'TUxBQ0NBUGZlZG1sYQ', 'name': 'Capital Federal'}, 'state': {'id': 'TUxBUENBUGw3M2E1', 'name': 'Capital Federal'}}, 'id': 67424350}",,{},,,,,,,,,,,,,,2023-12-20T19:51:28.000Z,2024-06-07T01:43:54.000Z,,
MLA1796564186,MLA,Auriculares Inalambricos Samsung Galaxy Buds Fe Color Graphite 30hs,22661295,MLA3518,,136999,136999,,ARS,13,,buy_it_now,gold_special,new,,,,,,,,,"{'mode': 'me2', 'methods': [], 'tags': ['mandatory_free_shipping'], 'dimensions': None, 'local_pick_up': True, 'free_shipping': True, 'logistic_type': 'cross_docking', 'store_pick_up': False}",,"{'city': {'id': 'TUxBQ1JPUzg1Yjg3', 'name': 'Rosario'}, 'state': {'id': 'AR-S', 'name': 'Santa Fe'}, 'country': {'id': 'AR', 'name': 'Argentina'}, 'search_location': {'city': {'id': 'TUxBQ1JPUzg1Yjg3', 'name': 'Rosario'}, 'state': {'id': 'TUxBUFNBTmU5Nzk2', 'name': 'Santa Fe'}}, 'id': 1277427772}",,{},,,,,,,,,,,,,,2024-06-03T20:33:10.596Z,2024-06-05T22:52:25.253Z,,
MLA1751895114,MLA,Auriculares Samsung Galaxy Buds2 Pro Anc Bluetooth 5.3 Ipx7 Color White,146480022,MLA3518,,409826,409826,,ARS,12,,buy_it_now,gold_pro,new,,,,,,,,,"{'mode': 'me2', 'methods': [], 'tags': ['self_service_in', 'mandatory_free_shipping'], 'dimensions': None, 'local_pick_up': True, 'free_shipping': True, 'logistic_type': 'xd_drop_off', 'store_pick_up': False}",,"{'city': {'id': 'TUxBQlNBTjgzMjRa', 'name': 'San Nicolás'}, 'state': {'id': 'AR-C', 'name': 'Capital Federal'}, 'country': {'id': 'AR', 'name': 'Argentina'}, 'search_location': {'neighborhood': {'id': 'TUxBQlNBTjgzMjRa', 'name': 'San Nicolás'}, 'city': {'id': 'TUxBQ0NBUGZlZG1sYQ', 'name': 'Capital Federal'}, 'state': {'id': 'TUxBUENBUGw3M2E1', 'name': 'Capital Federal'}}, 'id': 284150557}",,{},,,,,,,,,,,,,,2024-04-25T19:11:04.000Z,2024-06-07T00:34:02.779Z,,
MLA1185050146,MLA,Auriculares Samsung Galaxy Buds2 Pro Anc Bluetooth 5.3 Ipx7 Color Bora Purple Color De La Luz Blanco,146480022,MLA6049,,413994,413994,,ARS,53,,buy_it_now,gold_special,new,,,,,,,,,"{'mode': 'me2', 'methods': [], 'tags': ['self_service_in', 'mandatory_free_shipping'], 'dimensions': None, 'local_pick_up': False, 'free_shipping': True, 'logistic_type': 'fulfillment', 'store_pick_up': False}",,"{'city': {'id': 'TUxBQlNBTjgzMjRa', 'name': 'San Nicolás'}, 'state': {'id': 'AR-C', 'name': 'Capital Federal'}, 'country': {'id': 'AR', 'name': 'Argentina'}, 'search_location': {'neighborhood': {'id': 'TUxBQlNBTjgzMjRa', 'name': 'San Nicolás'}, 'city': {'id': 'TUxBQ0NBUGZlZG1sYQ', 'name': 'Capital Federal'}, 'state': {'id': 'TUxBUENBUGw3M2E1', 'name': 'Capital Federal'}}, 'id': 284150557}",,{},,,,,,,,,,,,,,2022-10-05T14:21:29.000Z,2024-06-06T19:26:17.339Z,,
MLA1171700052,MLA,Audífonos Inalámbricos Bluetooth Samsung Galaxy Buds 2 Color White,172753273,MLA3697,,203999,203999,,ARS,593,,buy_it_now,gold_pro,new,,,,,,,,,"{'mode': 'me2', 'methods': [], 'tags': ['self_service_in', 'mandatory_free_shipping'], 'dimensions': None, 'local_pick_up': False, 'free_shipping': True, 'logistic_type': 'cross_docking', 'store_pick_up': False}",,"{'city': {'name': 'Tortuguitas'}, 'state': {'id': 'AR-B', 'name': 'Buenos Aires'}, 'country': {'id': 'AR', 'name': 'Argentina'}, 'id': 1362559814}",,{},,,,,,,,,,,,,,2022-09-20T11:00:53.000Z,2024-06-07T00:43:34.000Z,,
MLA1792626812,MLA,Auriculares In-ear Inalámbricos Samsung Galaxy Buds+ Sm-r175nz Negro Con Luz Led,119914491,MLA3518,,159990,159990,,ARS,999,,buy_it_now,gold_special,new,,,,,,,,,"{'mode': 'me2', 'methods': [], 'tags': ['self_service_in', 'mandatory_free_shipping'], 'dimensions': None, 'local_pick_up': False, 'free_shipping': True, 'logistic_type': 'cross_docking', 'store_pick_up': False}",,"{'city': {'id': 'TUxBQlBBVDI0ODFa', 'name': 'Paternal'}, 'state': {'id': 'AR-C', 'name': 'Capital Federal'}, 'country': {'id': 'AR', 'name': 'Argentina'}, 'search_location': {'neighborhood': {'id': 'TUxBQlBBVDI0ODFa', 'name': 'Paternal'}, 'city': {'id': 'TUxBQ0NBUGZlZG1sYQ', 'name': 'Capital Federal'}, 'state': {'id': 'TUxBUENBUGw3M2E1', 'name': 'Capital Federal'}}, 'id': 1300421683}",,{},,,,,,,,,,,,,,2024-05-31T14:26:21.786Z,2024-06-03T17:40:54.547Z,,
MLA1723210320,MLA,Auriculares In Ear Inalámbricos Samsung Galaxy Buds Fe Blanco,429563953,MLA3518,,164899,164899,,ARS,2,,buy_it_now,gold_special,new,,,,,,,,,"{'mode': 'me2', 'methods': [], 'tags': ['self_service_in', 'mandatory_free_shipping'], 'dimensions': None, 'local_pick_up': True, 'free_shipping': True, 'logistic_type': 'xd_drop_off', 'store_pick_up': False}",,"{'city': {'id': 'TUxBQkJBTDMxMDZa', 'name': 'Balvanera'}, 'state': {'id': 'AR-C', 'name': 'Capital Federal'}, 'country': {'id': 'AR', 'name': 'Argentina'}, 'search_location': {'neighborhood': {'id': 'TUxBQkJBTDMxMDZa', 'name': 'Balvanera'}, 'city': {'id': 'TUxBQ0NBUGZlZG1sYQ', 'name': 'Capital Federal'}, 'state': {'id': 'TUxBUENBUGw3M2E1', 'name': 'Capital Federal'}}, 'id': 1034264302}",,{},,,,,,,,,,,,,,2024-03-28T19:35:58.000Z,2024-04-30T17:34:40.000Z,,
MLA1395041987,MLA,Auricular Samsung Buds Live Color Negro,262582139,MLA3697,,203953.47,203953.47,,ARS,14,,buy_it_now,gold_special,new,,,,,,,,,"{'mode': 'me2', 'methods': [], 'tags': ['self_service_in', 'mandatory_free_shipping'], 'dimensions': None, 'local_pick_up': False, 'free_shipping': True, 'logistic_type': 'cross_docking', 'store_pick_up': False}",,"{'city': {'id': 'TUxBQkJBUjM0MDha', 'name': 'Barracas'}, 'state': {'id': 'AR-C', 'name': 'Capital Federal'}, 'country': {'id': 'AR', 'name': 'Argentina'}, 'search_location': {'neighborhood': {'id': 'TUxBQkJBUjM0MDha', 'name': 'Barracas'}, 'city': {'id': 'TUxBQ0NBUGZlZG1sYQ', 'name': 'Capital Federal'}, 'state': {'id': 'TUxBUENBUGw3M2E1', 'name': 'Capital Federal'}}, 'id': 1134586023}",,{},,,,,,,,,,,,,,2023-11-08T18:47:47.000Z,2024-06-06T18:16:46.000Z,,
MLA1293927436,MLA,Auriculares Inalambricos Beats Fit Pro Bluetooth Noise Cancelling Negro,1017136269,MLA3697,,338604,338604,,ARS,56,,buy_it_now,gold_special,new,,,,,,,,,"{'mode': 'me2', 'methods': [], 'tags': ['self_service_in', 'mandatory_free_shipping'], 'dimensions': None, 'local_pick_up': True, 'free_shipping': True, 'logistic_type': 'xd_drop_off', 'store_pick_up': False}",,"{'city': {'name': 'Florida Oeste'}, 'state': {'id': 'AR-B', 'name': 'Buenos Aires'}, 'country': {'id': 'AR', 'name': 'Argentina'}, 'search_location': {'neighborhood': {'id': 'TUxBQkZMTzk1MjVa', 'name': 'Florida Oeste'}, 'city': {'id': 'TUxBQ1ZJQ2E3MTQz', 'name': 'Vicente López'}, 'state': {'id': 'TUxBUEdSQWU4ZDkz', 'name': 'Bs.As. G.B.A. Norte'}}, 'id': 1254694558}",,{},,,,,,,,,,,,,,2022-12-29T17:32:17.000Z,2024-06-06T14:48:23.435Z,,
MLA1412853441,MLA,Auriculares Samsung Galaxy Buds Fe White,172753273,MLA3518,,171359,171359,,ARS,6,,buy_it_now,gold_pro,new,,,,,,,,,"{'mode': 'me2', 'methods': [], 'tags': ['self_service_in', 'mandatory_free_shipping'], 'dimensions': None, 'local_pick_up': False, 'free_shipping': True, 'logistic_type': 'cross_docking', 'store_pick_up': False}",,"{'city': {'name': 'Tortuguitas'}, 'state': {'id': 'AR-B', 'name': 'Buenos Aires'}, 'country': {'id': 'AR', 'name': 'Argentina'}, 'id': 1362559814}",,{},,,,,,,,,,,,,,2024-03-04T19:57:45.000Z,2024-06-01T06:47:31.204Z,,
MLA1395093293,MLA,Auriculares Inalambricos Bluetooth Samsung Galaxy Buds Live Color Negro,262582139,MLA3697,,501975.83,501975.83,,ARS,2,,buy_it_now,gold_pro,new,,,,,,,,,"{'mode': 'me2', 'methods': [], 'tags': ['self_service_in', 'mandatory_free_shipping'], 'dimensions': None, 'local_pick_up': False, 'free_shipping': True, 'logistic_type': 'cross_docking', 'store_pick_up': False}",,"{'city': {'id': 'TUxBQkJBUjM0MDha', 'name': 'Barracas'}, 'state': {'id': 'AR-C', 'name': 'Capital Federal'}, 'country': {'id': 'AR', 'name': 'Argentina'}, 'search_location': {'neighborhood': {'id': 'TUxBQkJBUjM0MDha', 'name': 'Barracas'}, 'city': {'id': 'TUxBQ0NBUGZlZG1sYQ', 'name': 'Capital Federal'}, 'state': {'id': 'TUxBUENBUGw3M2E1', 'name': 'Capital Federal'}}, 'id': 1134586023}",,{},,,,,,,,,,,,,,2023-11-08T18:47:24.000Z,2024-06-05T14:57:19.000Z,,
MLA1165547284,MLA,Auriculares Samsung Galaxy Buds2 Pro Anc Bluetooth 5.3 Ipx7 ,608846165,MLA3518,,299999,299999,,ARS,381,,buy_it_now,gold_pro,new,,,,,,,,,"{'mode': 'me2', 'methods': [], 'tags': ['mandatory_free_shipping'], 'dimensions': None, 'local_pick_up': False, 'free_shipping': True, 'logistic_type': 'fulfillment', 'store_pick_up': False}",,"{'city': {'name': 'Villa Celina'}, 'state': {'id': 'AR-B', 'name': 'Buenos Aires'}, 'country': {'id': 'AR', 'name': 'Argentina'}, 'search_location': {'neighborhood': {'id': 'TVhYVmlsbGEgQ2VsaW5hVFV4QlEweEJUV0YwW', 'name': 'Villa Celina'}, 'city': {'id': 'TUxBQ0xBTWF0YW56', 'name': 'La Matanza'}, 'state': {'id': 'TUxBUEdSQWVmNTVm', 'name': 'Bs.As. G.B.A. Oeste'}}, 'id': 1118245173}",,{},,,,,,,,,,,,,,2022-09-09T15:25:15.000Z,2024-06-06T13:43:14.249Z,,
MLA1751297496,MLA,Auriculares Inalámbricos Samsung Galaxy Buds Fe Bt Blanco,1673359714,MLA3518,,132999,132999,,ARS,4,,buy_it_now,gold_special,new,,,,,,,,,"{'mode': 'me2', 'methods': [], 'tags': ['mandatory_free_shipping'], 'dimensions': None, 'local_pick_up': False, 'free_shipping': True, 'logistic_type': 'fulfillment', 'store_pick_up': False}",,"{'city': {'name': 'villa crespo'}, 'state': {'id': 'AR-C', 'name': 'Capital Federal'}, 'country': {'id': 'AR', 'name': 'Argentina'}, 'search_location': {'neighborhood': {'id': 'TUxBQlZJTDQyMjBa', 'name': 'Villa Crespo'}, 'city': {'id': 'TUxBQ0NBUGZlZG1sYQ', 'name': 'Capital Federal'}, 'state': {'id': 'TUxBUENBUGw3M2E1', 'name': 'Capital Federal'}}, 'id': 1356497589}",,{},,,,,,,,,,,,,,2024-04-25T02:49:31.000Z,2024-05-31T11:05:47.755Z,,
MLA1373693126,MLA,Auriculares  Inalámbricos Samsung Galaxy Buds2 Pro Negro,425342386,MLA3697,,232699,232699,,ARS,11,,buy_it_now,gold_special,new,,,,,,,,,"{'mode': 'me2', 'methods': [], 'tags': ['self_service_in', 'mandatory_free_shipping'], 'dimensions': None, 'local_pick_up': True, 'free_shipping': True, 'logistic_type': 'cross_docking', 'store_pick_up': False}",,"{'city': {'id': 'TUxBQkJBTDMxMDZa', 'name': 'Balvanera'}, 'state': {'id': 'AR-C', 'name': 'Capital Federal'}, 'country': {'id': 'AR', 'name': 'Argentina'}, 'search_location': {'neighborhood': {'id': 'TUxBQkJBTDMxMDZa', 'name': 'Balvanera'}, 'city': {'id': 'TUxBQ0NBUGZlZG1sYQ', 'name': 'Capital Federal'}, 'state': {'id': 'TUxBUENBUGw3M2E1', 'name': 'Capital Federal'}}, 'id': 1172053545}",,{},,,,,,,,,,,,,,2023-03-16T19:22:37.000Z,2024-06-06T20:19:49.000Z,,
MLA1763285932,MLA,Auriculares Samsung Galaxy Buds Fe Sm-r400 Blanco 21hs,1070578988,MLA3518,,145000,145000,,ARS,4,,buy_it_now,gold_special,new,,,,,,,,,"{'mode': 'me2', 'methods': [], 'tags': ['mandatory_free_shipping'], 'dimensions': None, 'local_pick_up': False, 'free_shipping': True, 'logistic_type': 'xd_drop_off', 'store_pick_up': False}",,"{'city': {'id': 'TUxBQ1pBUjQ1OTM', 'name': 'Zárate'}, 'state': {'id': 'AR-B', 'name': 'Buenos Aires'}, 'country': {'id': 'AR', 'name': 'Argentina'}, 'search_location': {'city': {'id': 'TUxBQ1pBUjQ1OTM', 'name': 'Zárate'}, 'state': {'id': 'TUxBUFpPTmFpbnRl', 'name': 'Buenos Aires Interior'}}, 'id': 1218120631}",,{},,,,,,,,,,,,,,2024-05-06T20:18:15.000Z,2024-06-06T11:14:17.000Z,,
MLA1376977606,MLA,Funda Silicona Para Galaxy Buds2/2pro/live/pro Con Gancho,429563953,MLA5337,,6399,6399,,ARS,906,,buy_it_now,gold_special,new,,,,,,,,,"{'mode': 'me2', 'methods': [], 'tags': ['self_service_in'], 'dimensions': None, 'local_pick_up': True, 'free_shipping': False, 'logistic_type': 'xd_drop_off', 'store_pick_up': False}",,"{'city': {'id': 'TUxBQkJBTDMxMDZa', 'name': 'Balvanera'}, 'state': {'id': 'AR-C', 'name': 'Capital Federal'}, 'country': {'id': 'AR', 'name': 'Argentina'}, 'search_location': {'neighborhood': {'id': 'TUxBQkJBTDMxMDZa', 'name': 'Balvanera'}, 'city': {'id': 'TUxBQ0NBUGZlZG1sYQ', 'name': 'Capital Federal'}, 'state': {'id': 'TUxBUENBUGw3M2E1', 'name': 'Capital Federal'}}, 'id': 1034264302}",,{},,,,,,,,,,,,,,2023-03-21T14:52:20.000Z,2024-06-06T20:16:53.000Z,,
MLA1649141824,MLA,Auriculares Inalambricos Bluetooth Samsung Galaxy Buds Fe,37705539,MLA3697,,167999,167999,,ARS,6,,buy_it_now,gold_special,new,,,,,,,,,"{'mode': 'me2', 'methods': [], 'tags': ['self_service_in', 'mandatory_free_shipping'], 'dimensions': None, 'local_pick_up': False, 'free_shipping': True, 'logistic_type': 'xd_drop_off', 'store_pick_up': False}",,"{'city': {'id': 'TUxBQlZJTDcwOTla', 'name': 'Villa Urquiza'}, 'state': {'id': 'AR-C', 'name': 'Capital Federal'}, 'country': {'id': 'AR', 'name': 'Argentina'}, 'search_location': {'neighborhood': {'id': 'TUxBQlZJTDcwOTla', 'name': 'Villa Urquiza'}, 'city': {'id': 'TUxBQ0NBUGZlZG1sYQ', 'name': 'Capital Federal'}, 'state': {'id': 'TUxBUENBUGw3M2E1', 'name': 'Capital Federal'}}, 'id': 686855117}",,{},,,,,,,,,,,,,,2024-01-29T18:51:27.000Z,2024-05-21T20:00:13.000Z,,
MLA1785165522,MLA,Galaxy Buds Live - Mystic Black Color Negro Color De La Luz Negro,223440248,MLA3518,,215000,215000,,ARS,5,,buy_it_now,gold_pro,new,,,,,,,,,"{'mode': 'me2', 'methods': [], 'tags': ['self_service_in', 'mandatory_free_shipping'], 'dimensions': None, 'local_pick_up': False, 'free_shipping': True, 'logistic_type': 'drop_off', 'store_pick_up': False}",,"{'city': {'name': 'General Pacheco'}, 'state': {'id': 'AR-B', 'name': 'Buenos Aires'}, 'country': {'id': 'AR', 'name': 'Argentina'}, 'search_location': {'neighborhood': {'id': 'TUxBQkdFTjIxNjJa', 'name': 'General Pacheco'}, 'city': {'id': 'TUxBQ1RJRzk0ZjQw', 'name': 'Tigre'}, 'state': {'id': 'TUxBUEdSQWU4ZDkz', 'name': 'Bs.As. G.B.A. Norte'}}, 'id': 1017877426}",,{},,,,,,,,,,,,,,2024-05-24T21:59:06.594Z,2024-06-06T18:39:50.720Z,,
MLA1421794087,MLA,Auriculares Samsung Galaxy Buds Fe White,419467681,MLA3518,,170999,170999,,ARS,2,,buy_it_now,gold_special,new,,,,,,,,,"{'mode': 'me2', 'methods': [], 'tags': ['self_service_in', 'mandatory_free_shipping'], 'dimensions': None, 'local_pick_up': False, 'free_shipping': True, 'logistic_type': 'xd_drop_off', 'store_pick_up': False}",,"{'city': {'name': 'PALERMO'}, 'state': {'id': 'AR-C', 'name': 'Capital Federal'}, 'country': {'id': 'AR', 'name': 'Argentina'}, 'search_location': {'neighborhood': {'id': 'TUxBQlBBTDI1MTVa', 'name': 'Palermo'}, 'city': {'id': 'TUxBQ0NBUGZlZG1sYQ', 'name': 'Capital Federal'}, 'state': {'id': 'TUxBUENBUGw3M2E1', 'name': 'Capital Federal'}}, 'id': 1284504802}",,{},,,,,,,,,,,,,,2024-04-15T13:25:34.000Z,2024-06-06T01:26:56.577Z,,
MLA1411955088,MLA,Auriculares Samsung Galaxy Buds 2 Pro Wireless Refabricado,284824585,MLA3697,,239990,239990,,ARS,1000,,buy_it_now,gold_special,new,,,,,,,,,"{'mode': 'me2', 'methods': [], 'tags': ['self_service_in', 'mandatory_free_shipping'], 'dimensions': None, 'local_pick_up': False, 'free_shipping': True, 'logistic_type': 'cross_docking', 'store_pick_up': False}",,"{'city': {'id': 'TUxBQlBBVDI0ODFa', 'name': 'Paternal'}, 'state': {'id': 'AR-C', 'name': 'Capital Federal'}, 'country': {'id': 'AR', 'name': 'Argentina'}, 'search_location': {'neighborhood': {'id': 'TUxBQlNBQTM3Mzda', 'name': 'Saavedra'}, 'city': {'id': 'TUxBQ0NBUGZlZG1sYQ', 'name': 'Capital Federal'}, 'state': {'id': 'TUxBUENBUGw3M2E1', 'name': 'Capital Federal'}}, 'id': 1191288356}",,{},,,,,,,,,,,,,,2023-05-08T14:30:11.000Z,2024-06-03T17:30:57.946Z,,
MLA1529141768,MLA,Auriculares Samsung Galaxy Buds2 Pro Bluetooth Color Blanco,1362243975,MLA3518,,254149.15,254149.15,,ARS,10,,buy_it_now,gold_special,new,,,,,,,,,"{'mode': 'me2', 'methods': [], 'tags': ['self_service_out', 'mandatory_free_shipping'], 'dimensions': None, 'local_pick_up': False, 'free_shipping': True, 'logistic_type': 'fulfillment', 'store_pick_up': False}",,"{'city': {'name': 'Olivos'}, 'state': {'id': 'AR-B', 'name': 'Buenos Aires'}, 'country': {'id': 'AR', 'name': 'Argentina'}, 'search_location': {'neighborhood': {'id': 'TUxBQk9MSTgzODNa', 'name': 'Olivos'}, 'city': {'id': 'TUxBQ1ZJQ2E3MTQz', 'name': 'Vicente López'}, 'state': {'id': 'TUxBUEdSQWU4ZDkz', 'name': 'Bs.As. G.B.A. Norte'}}, 'id': 1303051055}",,{},,,,,,,,,,,,,,2023-10-05T15:26:06.000Z,2024-06-03T17:15:02.565Z,,
MLA1428944033,MLA,Auriculares Inalámbricos Galaxy Buds Pro Oem,1184156044,MLA3518,,48000,48000,,ARS,6,,buy_it_now,gold_pro,new,,,,,,,,,"{'mode': 'me2', 'methods': [], 'tags': ['mandatory_free_shipping'], 'dimensions': None, 'local_pick_up': False, 'free_shipping': True, 'logistic_type': 'drop_off', 'store_pick_up': False}",,"{'city': {'id': 'TUxBQ01PUmViMTE3', 'name': 'Moreno'}, 'state': {'id': 'AR-B', 'name': 'Buenos Aires'}, 'country': {'id': 'AR', 'name': 'Argentina'}, 'search_location': {'city': {'id': 'TUxBQ01PUmViMTE3', 'name': 'Moreno'}, 'state': {'id': 'TUxBUEdSQWVmNTVm', 'name': 'Bs.As. G.B.A. Oeste'}}, 'id': 1380032835}",,{},,,,,,,,,,,,,,2024-05-27T00:47:20.259Z,2024-06-06T23:32:04.127Z,,
MLA1719326664,MLA,Auriculares Intraurales Negros Samsung S10+ Akg,57491927,MLA3697,,2643,2643,,ARS,22,,buy_it_now,gold_special,new,,,,,,,,,"{'mode': 'me2', 'methods': [], 'tags': ['self_service_in'], 'dimensions': None, 'local_pick_up': False, 'free_shipping': False, 'logistic_type': 'drop_off', 'store_pick_up': False}",,"{'city': {'name': 'Cortines'}, 'state': {'id': 'AR-B', 'name': 'Buenos Aires'}, 'country': {'id': 'AR', 'name': 'Argentina'}, 'search_location': {'neighborhood': {'id': 'TUxBQkNPUjEyNDha', 'name': 'Cortines'}, 'city': {'id': 'TUxBQ0xVSjI0NTE', 'name': 'Luján'}, 'state': {'id': 'TUxBUFpPTmFpbnRl', 'name': 'Buenos Aires Interior'}}, 'id': 132157126}",,{},,,,,,,,,,,,,,2024-03-26T14:02:52.000Z,2024-06-06T14:14:12.000Z,,
MLA1138220986,MLA,Auriculares Ear Buds Manos Libres S 10+ S 20+,894945,MLA3518,,3869,3869,,ARS,132,,buy_it_now,gold_special,new,,,,,,,,,"{'mode': 'me2', 'methods': [], 'tags': ['self_service_in'], 'dimensions': None, 'local_pick_up': True, 'free_shipping': False, 'logistic_type': 'cross_docking', 'store_pick_up': False}",,"{'city': {'id': 'TUxBQkJBTDMxMDZa', 'name': 'Balvanera'}, 'state': {'id': 'AR-C', 'name': 'Capital Federal'}, 'country': {'id': 'AR', 'name': 'Argentina'}, 'search_location': {'neighborhood': {'id': 'TUxBQkJBTDMxMDZa', 'name': 'Balvanera'}, 'city': {'id': 'TUxBQ0NBUGZlZG1sYQ', 'name': 'Capital Federal'}, 'state': {'id': 'TUxBUENBUGw3M2E1', 'name': 'Capital Federal'}}, 'id': 1103735751}",,{},,,,,,,,,,,,,,2022-05-20T22:59:47.000Z,2024-06-04T15:21:28.000Z,,
MLA1368828623,MLA,Auriculares Inalámbrico Samsung Galaxy Buds2 Pro Refabricado,284824585,MLA3697,,239992,239992,,ARS,999,,buy_it_now,gold_pro,new,,,,,,,,,"{'mode': 'me2', 'methods': [], 'tags': ['self_service_in', 'mandatory_free_shipping'], 'dimensions': None, 'local_pick_up': False, 'free_shipping': True, 'logistic_type': 'cross_docking', 'store_pick_up': False}",,"{'city': {'id': 'TUxBQlBBVDI0ODFa', 'name': 'Paternal'}, 'state': {'id': 'AR-C', 'name': 'Capital Federal'}, 'country': {'id': 'AR', 'name': 'Argentina'}, 'search_location': {'neighborhood': {'id': 'TUxBQlNBQTM3Mzda', 'name': 'Saavedra'}, 'city': {'id': 'TUxBQ0NBUGZlZG1sYQ', 'name': 'Capital Federal'}, 'state': {'id': 'TUxBUENBUGw3M2E1', 'name': 'Capital Federal'}}, 'id': 1191288356}",,{},,,,,,,,,,,,,,2023-05-08T14:55:44.000Z,2024-06-03T17:16:51.136Z,,
MLA1429800257,MLA,Samsung Galaxy Buds 2 Color Negro Graphite,231153278,MLA3697,,273618,273618,,ARS,10,,buy_it_now,gold_pro,new,,,,,,,,,"{'mode': 'me2', 'methods': [], 'tags': ['self_service_in', 'mandatory_free_shipping'], 'dimensions': None, 'local_pick_up': True, 'free_shipping': True, 'logistic_type': 'cross_docking', 'store_pick_up': False}",,"{'city': {'id': 'TUxBQkJBUjM0MDha', 'name': 'Barracas'}, 'state': {'id': 'AR-C', 'name': 'Capital Federal'}, 'country': {'id': 'AR', 'name': 'Argentina'}, 'search_location': {'neighborhood': {'id': 'TUxBQkJBUjM0MDha', 'name': 'Barracas'}, 'city': {'id': 'TUxBQ0NBUGZlZG1sYQ', 'name': 'Capital Federal'}, 'state': {'id': 'TUxBUENBUGw3M2E1', 'name': 'Capital Federal'}}, 'id': 1223988401}",,{},,,,,,,,,,,,,,2024-05-30T20:55:35.697Z,2024-06-05T11:44:44.487Z,,
MLA1362787019,MLA,Auriculares  Inalámbricos Samsung Galaxy Buds2 Pro Sm-r510 ,425342386,MLA3518,,230000,230000,,ARS,11,,buy_it_now,gold_special,new,,,,,,,,,"{'mode': 'me2', 'methods': [], 'tags': ['self_service_in', 'mandatory_free_shipping'], 'dimensions': None, 'local_pick_up': True, 'free_shipping': True, 'logistic_type': 'cross_docking', 'store_pick_up': False}",,"{'city': {'id': 'TUxBQkJBTDMxMDZa', 'name': 'Balvanera'}, 'state': {'id': 'AR-C', 'name': 'Capital Federal'}, 'country': {'id': 'AR', 'name': 'Argentina'}, 'search_location': {'neighborhood': {'id': 'TUxBQkJBTDMxMDZa', 'name': 'Balvanera'}, 'city': {'id': 'TUxBQ0NBUGZlZG1sYQ', 'name': 'Capital Federal'}, 'state': {'id': 'TUxBUENBUGw3M2E1', 'name': 'Capital Federal'}}, 'id': 1172053545}",,{},,,,,,,,,,,,,,2023-03-16T19:26:15.000Z,2024-06-06T00:01:20.000Z,,
MLA1798482356,MLA,Samsung Galaxy Buds 2 Color Negro Graphite,144750923,MLA3697,,180588,180588,,ARS,1,,buy_it_now,gold_special,new,,,,,,,,,"{'mode': 'me2', 'methods': [], 'tags': ['mandatory_free_shipping'], 'dimensions': None, 'local_pick_up': True, 'free_shipping': True, 'logistic_type': 'xd_drop_off', 'store_pick_up': False}",,"{'city': {'name': 'Olivos'}, 'state': {'id': 'AR-B', 'name': 'Buenos Aires'}, 'country': {'id': 'AR', 'name': 'Argentina'}, 'search_location': {'neighborhood': {'id': 'TUxBQk9MSTgzODNa', 'name': 'Olivos'}, 'city': {'id': 'TUxBQ1ZJQ2E3MTQz', 'name': 'Vicente López'}, 'state': {'id': 'TUxBUEdSQWU4ZDkz', 'name': 'Bs.As. G.B.A. Norte'}}, 'id': 1159292029}",,{},,,,,,,,,,,,,,2024-06-04T21:46:21.667Z,2024-06-04T22:24:09.227Z,,
MLA1380387637,MLA,Auriculares Inalámbricos Bluetooth Samsung Galaxy Buds 2,262582139,MLA3518,,199999,199999,,ARS,4,,buy_it_now,gold_special,new,,,,,,,,,"{'mode': 'me2', 'methods': [], 'tags': ['self_service_in', 'mandatory_free_shipping'], 'dimensions': None, 'local_pick_up': False, 'free_shipping': True, 'logistic_type': 'cross_docking', 'store_pick_up': False}",,"{'city': {'id': 'TUxBQkJBUjM0MDha', 'name': 'Barracas'}, 'state': {'id': 'AR-C', 'name': 'Capital Federal'}, 'country': {'id': 'AR', 'name': 'Argentina'}, 'search_location': {'neighborhood': {'id': 'TUxBQkJBUjM0MDha', 'name': 'Barracas'}, 'city': {'id': 'TUxBQ0NBUGZlZG1sYQ', 'name': 'Capital Federal'}, 'state': {'id': 'TUxBUENBUGw3M2E1', 'name': 'Capital Federal'}}, 'id': 1134586023}",,{},,,,,,,,,,,,,,2023-07-28T15:32:39.000Z,2024-05-22T13:18:19.000Z,,
MLA1109649328,MLA,Auriculares In-ear Inalámbricos Samsung Galaxy Buds 2 Graphi,425342386,MLA3518,,181962,181962,,ARS,27,,buy_it_now,gold_special,new,,,,,,,,,"{'mode': 'me2', 'methods': [], 'tags': ['self_service_in', 'mandatory_free_shipping'], 'dimensions': None, 'local_pick_up': True, 'free_shipping': True, 'logistic_type': 'cross_docking', 'store_pick_up': False}",,"{'city': {'id': 'TUxBQkJBTDMxMDZa', 'name': 'Balvanera'}, 'state': {'id': 'AR-C', 'name': 'Capital Federal'}, 'country': {'id': 'AR', 'name': 'Argentina'}, 'search_location': {'neighborhood': {'id': 'TUxBQkJBTDMxMDZa', 'name': 'Balvanera'}, 'city': {'id': 'TUxBQ0NBUGZlZG1sYQ', 'name': 'Capital Federal'}, 'state': {'id': 'TUxBUENBUGw3M2E1', 'name': 'Capital Federal'}}, 'id': 1172053545}",,{},,,,,,,,,,,,,,2021-10-25T15:49:09.000Z,2024-06-06T23:55:57.000Z,,
MLA1408681149,MLA,Funda Silicona Para Galaxy Buds Fe Con Gancho,429563953,MLA5337,,6399,6399,,ARS,400,,buy_it_now,gold_special,new,,,,,,,,,"{'mode': 'me2', 'methods': [], 'tags': ['self_service_in'], 'dimensions': None, 'local_pick_up': True, 'free_shipping': False, 'logistic_type': 'xd_drop_off', 'store_pick_up': False}",,"{'city': {'id': 'TUxBQkJBTDMxMDZa', 'name': 'Balvanera'}, 'state': {'id': 'AR-C', 'name': 'Capital Federal'}, 'country': {'id': 'AR', 'name': 'Argentina'}, 'search_location': {'neighborhood': {'id': 'TUxBQkJBTDMxMDZa', 'name': 'Balvanera'}, 'city': {'id': 'TUxBQ0NBUGZlZG1sYQ', 'name': 'Capital Federal'}, 'state': {'id': 'TUxBUENBUGw3M2E1', 'name': 'Capital Federal'}}, 'id': 1034264302}",,{},,,,,,,,,,,,,,2024-02-13T02:26:32.000Z,2024-06-07T00:47:32.000Z,,
MLA1365200019,MLA,"Repuestos Para Auriculares Samsung Galaxy Buds Live, De Gel",96243585,MLA3697,,13564,13564,,ARS,5,,buy_it_now,gold_special,new,,,,,,,,,"{'mode': 'me2', 'methods': [], 'tags': [], 'dimensions': None, 'local_pick_up': False, 'free_shipping': False, 'logistic_type': 'cross_docking', 'store_pick_up': False}",,"{'city': {'name': 'Béccar'}, 'state': {'id': 'AR-B', 'name': 'Buenos Aires'}, 'country': {'id': 'AR', 'name': 'Argentina'}, 'search_location': {'neighborhood': {'id': 'TUxBQkLJQzIzNTRa', 'name': 'Béccar'}, 'city': {'id': 'TUxBQ1NBTjg4ZmJk', 'name': 'San Isidro'}, 'state': {'id': 'TUxBUEdSQWU4ZDkz', 'name': 'Bs.As. G.B.A. Norte'}}, 'id': 1088348809}",,{},,,,,,,,,,,,,,2023-04-09T00:09:15.000Z,2024-05-28T18:40:05.000Z,,
MLA1423062335,MLA,Auriculares Inalámbricos Samsung Buds Fe Sm-r400nza Blanco Con Luz  Blanco,425342386,MLA3518,,207091.5,207091.5,,ARS,6,,buy_it_now,gold_special,new,,,,,,,,,"{'mode': 'me2', 'methods': [], 'tags': ['self_service_in', 'mandatory_free_shipping'], 'dimensions': None, 'local_pick_up': False, 'free_shipping': True, 'logistic_type': 'cross_docking', 'store_pick_up': False}",,"{'city': {'id': 'TUxBQkJBTDMxMDZa', 'name': 'Balvanera'}, 'state': {'id': 'AR-C', 'name': 'Capital Federal'}, 'country': {'id': 'AR', 'name': 'Argentina'}, 'search_location': {'neighborhood': {'id': 'TUxBQkJBTDMxMDZa', 'name': 'Balvanera'}, 'city': {'id': 'TUxBQ0NBUGZlZG1sYQ', 'name': 'Capital Federal'}, 'state': {'id': 'TUxBUENBUGw3M2E1', 'name': 'Capital Federal'}}, 'id': 1172053545}",,{},,,,,,,,,,,,,,2024-04-23T19:44:17.000Z,2024-06-06T17:03:36.000Z,,
MLA886132136,MLA,Auriculares In-ear Inalámbricos Samsung Galaxy Buds+ Sm-r175nz Blanco Con Luz Led,284824585,MLA3697,,189191.4,189191.4,,ARS,33,,buy_it_now,gold_special,new,,,,,,,,,"{'mode': 'me2', 'methods': [], 'tags': ['self_service_in', 'mandatory_free_shipping'], 'dimensions': None, 'local_pick_up': False, 'free_shipping': True, 'logistic_type': 'cross_docking', 'store_pick_up': False}",,"{'city': {'id': 'TUxBQlBBVDI0ODFa', 'name': 'Paternal'}, 'state': {'id': 'AR-C', 'name': 'Capital Federal'}, 'country': {'id': 'AR', 'name': 'Argentina'}, 'search_location': {'neighborhood': {'id': 'TUxBQlNBQTM3Mzda', 'name': 'Saavedra'}, 'city': {'id': 'TUxBQ0NBUGZlZG1sYQ', 'name': 'Capital Federal'}, 'state': {'id': 'TUxBUENBUGw3M2E1', 'name': 'Capital Federal'}}, 'id': 1191288356}",,{},,,,,,,,,,,,,,2020-10-30T15:00:28.000Z,2024-05-21T03:01:58.000Z,,
MLA1199133266,MLA,Auriculares Samsung Galaxy Buds2 Violeta Con Control Tactil ,284824585,MLA3697,,249592.2,249592.2,,ARS,999,,buy_it_now,gold_pro,new,,,,,,,,,"{'mode': 'me2', 'methods': [], 'tags': ['self_service_in', 'mandatory_free_shipping'], 'dimensions': None, 'local_pick_up': False, 'free_shipping': True, 'logistic_type': 'cross_docking', 'store_pick_up': False}",,"{'city': {'id': 'TUxBQlBBVDI0ODFa', 'name': 'Paternal'}, 'state': {'id': 'AR-C', 'name': 'Capital Federal'}, 'country': {'id': 'AR', 'name': 'Argentina'}, 'search_location': {'neighborhood': {'id': 'TUxBQlNBQTM3Mzda', 'name': 'Saavedra'}, 'city': {'id': 'TUxBQ0NBUGZlZG1sYQ', 'name': 'Capital Federal'}, 'state': {'id': 'TUxBUENBUGw3M2E1', 'name': 'Capital Federal'}}, 'id': 1191288356}",,{},,,,,,,,,,,,,,2022-10-18T16:11:02.000Z,2024-06-04T16:42:12.131Z,,
MLA1107550760,MLA,Auriculares In-ear Inalámbricos Samsung Galaxy Buds Sm-r170nz Blanco Con Luz Led,96243585,MLA3697,,290925,290925,,ARS,10,,buy_it_now,gold_special,new,,,,,,,,,"{'mode': 'me2', 'methods': [], 'tags': ['mandatory_free_shipping'], 'dimensions': None, 'local_pick_up': False, 'free_shipping': True, 'logistic_type': 'cross_docking', 'store_pick_up': False}",,"{'city': {'name': 'Béccar'}, 'state': {'id': 'AR-B', 'name': 'Buenos Aires'}, 'country': {'id': 'AR', 'name': 'Argentina'}, 'search_location': {'neighborhood': {'id': 'TUxBQkLJQzIzNTRa', 'name': 'Béccar'}, 'city': {'id': 'TUxBQ1NBTjg4ZmJk', 'name': 'San Isidro'}, 'state': {'id': 'TUxBUEdSQWU4ZDkz', 'name': 'Bs.As. G.B.A. Norte'}}, 'id': 1088348809}",,{},,,,,,,,,,,,,,2021-10-08T23:16:15.000Z,2024-06-06T08:48:28.000Z,,
MLA1368878029,MLA,Auriculares Samsung Galaxy Buds 2 Pro Grafito Refabricado,119914491,MLA3518,,179992.5,179992.5,,ARS,1000,,buy_it_now,gold_special,new,,,,,,,,,"{'mode': 'me2', 'methods': [], 'tags': ['self_service_in', 'mandatory_free_shipping'], 'dimensions': None, 'local_pick_up': False, 'free_shipping': True, 'logistic_type': 'cross_docking', 'store_pick_up': False}",,"{'city': {'id': 'TUxBQlBBVDI0ODFa', 'name': 'Paternal'}, 'state': {'id': 'AR-C', 'name': 'Capital Federal'}, 'country': {'id': 'AR', 'name': 'Argentina'}, 'search_location': {'neighborhood': {'id': 'TUxBQlBBVDI0ODFa', 'name': 'Paternal'}, 'city': {'id': 'TUxBQ0NBUGZlZG1sYQ', 'name': 'Capital Federal'}, 'state': {'id': 'TUxBUENBUGw3M2E1', 'name': 'Capital Federal'}}, 'id': 1300421683}",,{},,,,,,,,,,,,,,2023-05-08T14:30:26.000Z,2024-06-03T17:15:02.111Z,,
MLA1430700293,MLA,Auriculares Samsung Galaxy Buds Fe Sm-r400 Bluetooth Blanco ,209752538,MLA3518,,149900,149900,,ARS,20,,buy_it_now,gold_special,new,,,,,,,,,"{'mode': 'me2', 'methods': [], 'tags': ['self_service_in', 'mandatory_free_shipping'], 'dimensions': None, 'local_pick_up': True, 'free_shipping': True, 'logistic_type': 'cross_docking', 'store_pick_up': False}",,"{'city': {'id': 'TUxBQkFMTTMwNTBa', 'name': 'Almagro'}, 'state': {'id': 'AR-C', 'name': 'Capital Federal'}, 'country': {'id': 'AR', 'name': 'Argentina'}, 'search_location': {'neighborhood': {'id': 'TUxBQkFMTTMwNTBa', 'name': 'Almagro'}, 'city': {'id': 'TUxBQ0NBUGZlZG1sYQ', 'name': 'Capital Federal'}, 'state': {'id': 'TUxBUENBUGw3M2E1', 'name': 'Capital Federal'}}, 'id': 1323929850}",,{},,,,,,,,,,,,,,2024-06-04T15:49:09.905Z,2024-06-06T15:02:11.829Z,,
MLA1121629637,MLA,Galaxy Buds Live - Mystic White Color Blanco Color De La Luz Blanco,425342386,MLA3518,,196292.25,196292.25,,ARS,65,,buy_it_now,gold_special,new,,,,,,,,,"{'mode': 'me2', 'methods': [], 'tags': ['self_service_in', 'mandatory_free_shipping'], 'dimensions': None, 'local_pick_up': False, 'free_shipping': True, 'logistic_type': 'cross_docking', 'store_pick_up': False}",,"{'city': {'id': 'TUxBQkJBTDMxMDZa', 'name': 'Balvanera'}, 'state': {'id': 'AR-C', 'name': 'Capital Federal'}, 'country': {'id': 'AR', 'name': 'Argentina'}, 'search_location': {'neighborhood': {'id': 'TUxBQkJBTDMxMDZa', 'name': 'Balvanera'}, 'city': {'id': 'TUxBQ0NBUGZlZG1sYQ', 'name': 'Capital Federal'}, 'state': {'id': 'TUxBUENBUGw3M2E1', 'name': 'Capital Federal'}}, 'id': 1172053545}",,{},,,,,,,,,,,,,,2022-02-01T20:20:39.000Z,2024-05-22T19:20:46.000Z,,
MLA1423024079,MLA,Galaxy Buds Fe Color Grafito,425342386,MLA3518,,203024.63,203024.63,,ARS,9,,buy_it_now,gold_special,new,,,,,,,,,"{'mode': 'me2', 'methods': [], 'tags': ['self_service_in', 'mandatory_free_shipping'], 'dimensions': None, 'local_pick_up': False, 'free_shipping': True, 'logistic_type': 'cross_docking', 'store_pick_up': False}",,"{'city': {'id': 'TUxBQkJBTDMxMDZa', 'name': 'Balvanera'}, 'state': {'id': 'AR-C', 'name': 'Capital Federal'}, 'country': {'id': 'AR', 'name': 'Argentina'}, 'search_location': {'neighborhood': {'id': 'TUxBQkJBTDMxMDZa', 'name': 'Balvanera'}, 'city': {'id': 'TUxBQ0NBUGZlZG1sYQ', 'name': 'Capital Federal'}, 'state': {'id': 'TUxBUENBUGw3M2E1', 'name': 'Capital Federal'}}, 'id': 1172053545}",,{},,,,,,,,,,,,,,2024-04-23T19:56:39.000Z,2024-05-22T19:21:12.530Z,,
MLA1430607883,MLA,"Auriculares Bluetooth Intra Para Samsung Galaxy Buds Fe, Color Grafito",277057642,MLA3518,,124800,124800,,ARS,29,,buy_it_now,gold_special,new,,,,,,,,,"{'mode': 'me2', 'methods': [], 'tags': ['self_service_in', 'mandatory_free_shipping'], 'dimensions': None, 'local_pick_up': False, 'free_shipping': True, 'logistic_type': 'cross_docking', 'store_pick_up': False}",,"{'city': {'id': 'TUxBQlNBTjgxMzNa', 'name': 'San Telmo'}, 'state': {'id': 'AR-C', 'name': 'Capital Federal'}, 'country': {'id': 'AR', 'name': 'Argentina'}, 'search_location': {'neighborhood': {'id': 'TUxBQlNBTjgxMzNa', 'name': 'San Telmo'}, 'city': {'id': 'TUxBQ0NBUGZlZG1sYQ', 'name': 'Capital Federal'}, 'state': {'id': 'TUxBUENBUGw3M2E1', 'name': 'Capital Federal'}}, 'id': 1294447432}",,{},,,,,,,,,,,,,,2024-06-04T15:12:57.345Z,2024-06-07T01:52:15.878Z,,
MLA923585741,MLA,Auriculares In-ear Bluetooth Samsung Galaxy Buds Plus Negro,309453406,MLA3697,,219990,219990,,ARS,11,,buy_it_now,gold_pro,new,,,,,,,,,"{'mode': 'me2', 'methods': [], 'tags': ['self_service_in', 'mandatory_free_shipping'], 'dimensions': None, 'local_pick_up': False, 'free_shipping': True, 'logistic_type': 'cross_docking', 'store_pick_up': False}",,"{'city': {'id': 'TUxBQlBBVDI0ODFa', 'name': 'Paternal'}, 'state': {'id': 'AR-C', 'name': 'Capital Federal'}, 'country': {'id': 'AR', 'name': 'Argentina'}, 'search_location': {'neighborhood': {'id': 'TUxBQlBBVDI0ODFa', 'name': 'Paternal'}, 'city': {'id': 'TUxBQ0NBUGZlZG1sYQ', 'name': 'Capital Federal'}, 'state': {'id': 'TUxBUENBUGw3M2E1', 'name': 'Capital Federal'}}, 'id': 1133569285}",,{},,,,,,,,,,,,,,2021-06-02T15:30:23.000Z,2024-06-05T15:13:10.788Z,,
MLA1371904969,MLA,Auricular Samsung Buds 2 Pro,231153278,MLA3697,,319899,319899,,ARS,11,,buy_it_now,gold_special,new,,,,,,,,,"{'mode': 'me2', 'methods': [], 'tags': ['self_service_in', 'mandatory_free_shipping'], 'dimensions': None, 'local_pick_up': True, 'free_shipping': True, 'logistic_type': 'cross_docking', 'store_pick_up': False}",,"{'city': {'id': 'TUxBQkJBUjM0MDha', 'name': 'Barracas'}, 'state': {'id': 'AR-C', 'name': 'Capital Federal'}, 'country': {'id': 'AR', 'name': 'Argentina'}, 'search_location': {'neighborhood': {'id': 'TUxBQkJBUjM0MDha', 'name': 'Barracas'}, 'city': {'id': 'TUxBQ0NBUGZlZG1sYQ', 'name': 'Capital Federal'}, 'state': {'id': 'TUxBUENBUGw3M2E1', 'name': 'Capital Federal'}}, 'id': 1223988401}",,{},,,,,,,,,,,,,,2023-06-02T20:37:41.000Z,2024-06-07T00:44:28.827Z,,
MLA1156518379,MLA,Auriculares In-ear Inalámbricos Jbl Free Negro Con Luz Led,146480022,MLA3697,,168775.01,168775.01,,ARS,56,,buy_it_now,gold_pro,new,,,,,,,,,"{'mode': 'me2', 'methods': [], 'tags': ['self_service_in', 'mandatory_free_shipping'], 'dimensions': None, 'local_pick_up': True, 'free_shipping': True, 'logistic_type': 'xd_drop_off', 'store_pick_up': False}",,"{'city': {'id': 'TUxBQlNBTjgzMjRa', 'name': 'San Nicolás'}, 'state': {'id': 'AR-C', 'name': 'Capital Federal'}, 'country': {'id': 'AR', 'name': 'Argentina'}, 'search_location': {'neighborhood': {'id': 'TUxBQlNBTjgzMjRa', 'name': 'San Nicolás'}, 'city': {'id': 'TUxBQ0NBUGZlZG1sYQ', 'name': 'Capital Federal'}, 'state': {'id': 'TUxBUENBUGw3M2E1', 'name': 'Capital Federal'}}, 'id': 284150557}",,{},,,,,,,,,,,,,,2022-08-23T16:19:13.000Z,2024-06-06T22:37:31.721Z,,
MLA1669110358,MLA,Auriculares Jbl Live Free 2 Negro,69409261,MLA3697,,159999,159999,,ARS,9,,buy_it_now,gold_special,new,,,,,,,,,"{'mode': 'me2', 'methods': [], 'tags': ['mandatory_free_shipping'], 'dimensions': None, 'local_pick_up': True, 'free_shipping': True, 'logistic_type': 'xd_drop_off', 'store_pick_up': False}",,"{'city': {'id': 'TUxBQkJBTDMxMDZa', 'name': 'Balvanera'}, 'state': {'id': 'AR-C', 'name': 'Capital Federal'}, 'country': {'id': 'AR', 'name': 'Argentina'}, 'search_location': {'neighborhood': {'id': 'TUxBQlZJTDI3MDJa', 'name': 'Villa Luro'}, 'city': {'id': 'TUxBQ0NBUGZlZG1sYQ', 'name': 'Capital Federal'}, 'state': {'id': 'TUxBUENBUGw3M2E1', 'name': 'Capital Federal'}}, 'id': 97670037}",,{},,,,,,,,,,,,,,2024-02-14T20:33:02.000Z,2024-06-06T16:11:49.000Z,,
MLA1425638569,MLA,Auriculares Intraurales Bluetooth Jbl Free Ii Negros,284824585,MLA3697,,124995,124995,,ARS,1019,,buy_it_now,gold_pro,new,,,,,,,,,"{'mode': 'me2', 'methods': [], 'tags': ['self_service_out', 'mandatory_free_shipping'], 'dimensions': None, 'local_pick_up': False, 'free_shipping': True, 'logistic_type': 'cross_docking', 'store_pick_up': False}",,"{'city': {'id': 'TUxBQlBBVDI0ODFa', 'name': 'Paternal'}, 'state': {'id': 'AR-C', 'name': 'Capital Federal'}, 'country': {'id': 'AR', 'name': 'Argentina'}, 'search_location': {'neighborhood': {'id': 'TUxBQlNBQTM3Mzda', 'name': 'Saavedra'}, 'city': {'id': 'TUxBQ0NBUGZlZG1sYQ', 'name': 'Capital Federal'}, 'state': {'id': 'TUxBUENBUGw3M2E1', 'name': 'Capital Federal'}}, 'id': 1191288356}",,{},,,,,,,,,,,,,,2024-05-09T17:41:20.000Z,2024-06-03T14:34:09.000Z,,
MLA1403613753,MLA,Audífonos Jbl Live Free Nc+tws Ipx7 21hrs. Smart Ambient,127383407,MLA3697,,169999,169999,,ARS,4,,buy_it_now,gold_special,new,,,,,,,,,"{'mode': 'me2', 'methods': [], 'tags': ['self_service_in', 'mandatory_free_shipping'], 'dimensions': None, 'local_pick_up': True, 'free_shipping': True, 'logistic_type': 'cross_docking', 'store_pick_up': False}",,"{'city': {'name': 'v devoto'}, 'state': {'id': 'AR-C', 'name': 'Capital Federal'}, 'country': {'id': 'AR', 'name': 'Argentina'}, 'search_location': {'city': {'id': 'TUxBQ0NBUGZlZG1sYQ', 'name': 'Capital Federal'}, 'state': {'id': 'TUxBUENBUGw3M2E1', 'name': 'Capital Federal'}}, 'id': 100114634}",,{},,,,,,,,,,,,,,2024-01-22T16:35:53.000Z,2024-06-03T12:53:35.000Z,,
MLA1782471154,MLA,Auriculares In-ear Inalámbricos Jbl Live Pro 2 Tws Jbllivepro2tws Blue,323962034,MLA3697,,450000,450000,,ARS,15,,buy_it_now,gold_special,new,,,,,,,,,"{'mode': 'me2', 'methods': [], 'tags': ['self_service_in', 'mandatory_free_shipping'], 'dimensions': None, 'local_pick_up': False, 'free_shipping': True, 'logistic_type': 'cross_docking', 'store_pick_up': False}",,"{'city': {'name': 'Villa Lynch'}, 'state': {'id': 'AR-B', 'name': 'Buenos Aires'}, 'country': {'id': 'AR', 'name': 'Argentina'}, 'search_location': {'neighborhood': {'id': 'TUxBQlZJTDg5NDBa', 'name': 'Villa Lynch'}, 'city': {'id': 'TUxBQ0dFTmVyYWxz', 'name': 'General San Martín'}, 'state': {'id': 'TUxBUEdSQWU4ZDkz', 'name': 'Bs.As. G.B.A. Norte'}}, 'id': 951337031}",,{},,,,,,,,,,,,,,2024-05-22T19:06:50.000Z,2024-06-06T03:36:29.910Z,,
MLA1425728895,MLA,Jbl Free Ii True Wireless Bluetooth Negro Nuevos Originales,284824585,MLA3697,,99199.38,99199.38,,ARS,1006,,buy_it_now,gold_special,new,,,,,,,,,"{'mode': 'me2', 'methods': [], 'tags': ['self_service_out', 'mandatory_free_shipping'], 'dimensions': None, 'local_pick_up': False, 'free_shipping': True, 'logistic_type': 'cross_docking', 'store_pick_up': False}",,"{'city': {'id': 'TUxBQlBBVDI0ODFa', 'name': 'Paternal'}, 'state': {'id': 'AR-C', 'name': 'Capital Federal'}, 'country': {'id': 'AR', 'name': 'Argentina'}, 'search_location': {'neighborhood': {'id': 'TUxBQlNBQTM3Mzda', 'name': 'Saavedra'}, 'city': {'id': 'TUxBQ0NBUGZlZG1sYQ', 'name': 'Capital Federal'}, 'state': {'id': 'TUxBUENBUGw3M2E1', 'name': 'Capital Federal'}}, 'id': 1191288356}",,{},,,,,,,,,,,,,,2024-05-09T17:42:10.000Z,2024-05-31T14:29:20.000Z,,
MLA1398225893,MLA,Audífonos Jbl Live Free Nc+ Tws In Ear True Wireless Blanco,1272142009,MLA3697,,186550,186550,,ARS,2,,buy_it_now,gold_special,new,,,,,,,,,"{'mode': 'me2', 'methods': [], 'tags': ['mandatory_free_shipping'], 'dimensions': None, 'local_pick_up': True, 'free_shipping': True, 'logistic_type': 'drop_off', 'store_pick_up': False}",,"{'city': {'id': 'TUxBQ0JBSDI0OTNk', 'name': 'Bahía Blanca'}, 'state': {'id': 'AR-B', 'name': 'Buenos Aires'}, 'country': {'id': 'AR', 'name': 'Argentina'}, 'search_location': {'city': {'id': 'TUxBQ0JBSDUyOTY3Mg', 'name': 'Bahía Blanca'}, 'state': {'id': 'TUxBUFpPTmFpbnRl', 'name': 'Buenos Aires Interior'}}, 'id': 1274376026}",,{},,,,,,,,,,,,,,2023-12-06T19:06:25.786Z,2024-05-30T03:46:08.603Z,,
MLA1417194225,MLA,Audífonos Integrales Jbl Free Wfh Jblfreewfhblkam Negro Negro,91958168,MLA3697,,79798.95,79798.95,,ARS,1,,buy_it_now,gold_special,new,,,,,,,,,"{'mode': 'me2', 'methods': [], 'tags': ['mandatory_free_shipping'], 'dimensions': None, 'local_pick_up': False, 'free_shipping': True, 'logistic_type': 'drop_off', 'store_pick_up': False}",,"{'city': {'id': 'QVItWE1lbmRpb2xhemE', 'name': 'Mendiolaza'}, 'state': {'id': 'AR-X', 'name': 'Córdoba'}, 'country': {'id': 'AR', 'name': 'Argentina'}, 'search_location': {'city': {'id': 'TVhYTWVuZGlvbGF6YVRVeEJVRU5QVW1Ga1pHS', 'name': 'Mendiolaza'}, 'state': {'id': 'TUxBUENPUmFkZGIw', 'name': 'Córdoba'}}, 'id': 1142174930}",,{},,,,,,,,,,,,,,2024-03-23T19:40:58.000Z,2024-06-04T15:33:51.000Z,,
MLA1742240806,MLA,Auriculares Inalambricos Con Microfono Jbl Free Wfh Wireless Color Negro,10104145,MLA3697,,249990,249990,,ARS,1,,buy_it_now,gold_special,new,,,,,,,,,"{'mode': 'me2', 'methods': [], 'tags': ['self_service_in', 'mandatory_free_shipping'], 'dimensions': None, 'local_pick_up': False, 'free_shipping': True, 'logistic_type': 'xd_drop_off', 'store_pick_up': False}",,"{'city': {'id': 'QVItQkRvbiBUb3JjdWF0bw', 'name': 'Don Torcuato'}, 'state': {'id': 'AR-B', 'name': 'Buenos Aires'}, 'country': {'id': 'AR', 'name': 'Argentina'}, 'id': 1082032886}",,{},,,,,,,,,,,,,,2024-04-16T16:43:24.000Z,2024-05-31T18:23:31.942Z,,
MLA1392633449,MLA,Jbl Live Free 2: 35 Horas De Reproduccion,161008662,MLA3697,,703279,703279,,ARS,1,,buy_it_now,gold_special,new,,,,,,,,,"{'mode': 'me2', 'methods': [], 'tags': ['mandatory_free_shipping'], 'dimensions': None, 'local_pick_up': True, 'free_shipping': True, 'logistic_type': 'cross_docking', 'store_pick_up': False}",,"{'city': {'id': 'TUxBQ1FVSWI1MzY', 'name': 'Quilmes'}, 'state': {'id': 'AR-B', 'name': 'Buenos Aires'}, 'country': {'id': 'AR', 'name': 'Argentina'}, 'search_location': {'city': {'id': 'TUxBQ1FVSWI1MzY', 'name': 'Quilmes'}, 'state': {'id': 'TUxBUEdSQXJlMDNm', 'name': 'Bs.As. G.B.A. Sur'}}, 'id': 240407576}",,{},,,,,,,,,,,,,,2023-10-17T17:50:22.000Z,2024-06-03T11:20:00.000Z,,
MLA1789639878,MLA,"Jbl Live Free 2, Audífonos Inalámbricos Nc Bluetooth, Drivers De 11mm, Reproducción 35 Horas, Asistente De Voz - Azul",161008662,MLA3697,,703279,703279,,ARS,1,,buy_it_now,gold_special,new,,,,,,,,,"{'mode': 'me2', 'methods': [], 'tags': ['mandatory_free_shipping'], 'dimensions': None, 'local_pick_up': True, 'free_shipping': True, 'logistic_type': 'cross_docking', 'store_pick_up': False}",,"{'city': {'id': 'TUxBQ1FVSWI1MzY', 'name': 'Quilmes'}, 'state': {'id': 'AR-B', 'name': 'Buenos Aires'}, 'country': {'id': 'AR', 'name': 'Argentina'}, 'search_location': {'city': {'id': 'TUxBQ1FVSWI1MzY', 'name': 'Quilmes'}, 'state': {'id': 'TUxBUEdSQXJlMDNm', 'name': 'Bs.As. G.B.A. Sur'}}, 'id': 240407576}",,{},,,,,,,,,,,,,,2024-05-29T02:12:16.000Z,2024-06-01T18:22:29.752Z,,
MLA1546339772,MLA,Jbl Free Ii True Wireless In-ear Auriculares Bluetooth,63272136,MLA3697,,320799,320799,,ARS,100,,buy_it_now,gold_special,new,,,,,,,,,"{'mode': 'me2', 'methods': [], 'tags': ['mandatory_free_shipping'], 'dimensions': None, 'local_pick_up': False, 'free_shipping': True, 'logistic_type': 'cross_docking', 'store_pick_up': False}",,"{'city': {'id': 'TUxBQlBBTDg1NjJa', 'name': 'Palermo Hollywood'}, 'state': {'id': 'AR-C', 'name': 'Capital Federal'}, 'country': {'id': 'AR', 'name': 'Argentina'}, 'search_location': {'neighborhood': {'id': 'TUxBQlBBTDg1NjJa', 'name': 'Palermo Hollywood'}, 'city': {'id': 'TUxBQ0NBUGZlZG1sYQ', 'name': 'Capital Federal'}, 'state': {'id': 'TUxBUENBUGw3M2E1', 'name': 'Capital Federal'}}, 'id': 1353374195}",,{},,,,,,,,,,,,,,2023-10-25T15:15:02.000Z,2024-06-05T17:45:46.000Z,,
MLA1778205790,MLA,Auriculares In-ear Inalámbricos Jbl Free Negro Con Luz Led,148506724,MLA3697,,155999,155999,,ARS,1,,buy_it_now,gold_special,new,,,,,,,,,"{'mode': 'me2', 'methods': [], 'tags': ['mandatory_free_shipping'], 'dimensions': None, 'local_pick_up': True, 'free_shipping': True, 'logistic_type': 'xd_drop_off', 'store_pick_up': False}",,"{'city': {'id': 'TUxBQkFMTTMwNTBa', 'name': 'Almagro'}, 'state': {'id': 'AR-C', 'name': 'Capital Federal'}, 'country': {'id': 'AR', 'name': 'Argentina'}, 'search_location': {'neighborhood': {'id': 'TUxBQkFMTTMwNTBa', 'name': 'Almagro'}, 'city': {'id': 'TUxBQ0NBUGZlZG1sYQ', 'name': 'Capital Federal'}, 'state': {'id': 'TUxBUENBUGw3M2E1', 'name': 'Capital Federal'}}, 'id': 1032120323}",,{},,,,,,,,,,,,,,2024-05-18T22:35:18.000Z,2024-05-20T01:52:03.000Z,,
MLA1781995282,MLA,Auriculares Inalambricos Jbl Live Free 2 Tws Nc Ipx5 In Ear,72081624,MLA3697,,263999,263999,,ARS,10,,buy_it_now,gold_special,new,,,,,,,,,"{'mode': 'me2', 'methods': [], 'tags': ['mandatory_free_shipping'], 'dimensions': None, 'local_pick_up': False, 'free_shipping': True, 'logistic_type': 'cross_docking', 'store_pick_up': False}",,"{'city': {'name': 'Piñeyro'}, 'state': {'id': 'AR-B', 'name': 'Buenos Aires'}, 'country': {'id': 'AR', 'name': 'Argentina'}, 'search_location': {'neighborhood': {'id': 'TUxBQlBJ0Tg1NDla', 'name': 'Piñeyro'}, 'city': {'id': 'TUxBQ0FWRTc5OTQ1', 'name': 'Avellaneda'}, 'state': {'id': 'TUxBUEdSQXJlMDNm', 'name': 'Bs.As. G.B.A. Sur'}}, 'id': 1322874111}",,{},,,,,,,,,,,,,,2024-05-22T17:46:28.000Z,2024-06-06T01:30:52.377Z,,
MLA1637559464,MLA,Auriculares Bluetooth Jbl Live Free Nc Tws,208948246,MLA3697,,276376.52,276376.52,,ARS,3,,buy_it_now,gold_pro,new,,,,,,,,,"{'mode': 'me2', 'methods': [], 'tags': ['mandatory_free_shipping'], 'dimensions': None, 'local_pick_up': True, 'free_shipping': True, 'logistic_type': 'xd_drop_off', 'store_pick_up': False}",,"{'city': {'id': 'TUxBQ1JPUzg1Yjg3', 'name': 'Rosario'}, 'state': {'id': 'AR-S', 'name': 'Santa Fe'}, 'country': {'id': 'AR', 'name': 'Argentina'}, 'search_location': {'city': {'id': 'TUxBQ1JPUzg1Yjg3', 'name': 'Rosario'}, 'state': {'id': 'TUxBUFNBTmU5Nzk2', 'name': 'Santa Fe'}}, 'id': 287562028}",,{},,,,,,,,,,,,,,2024-01-20T14:42:37.000Z,2024-05-08T20:11:41.000Z,,
MLA1637611066,MLA,Auriculares Bluetooth Jbl Live Free Nc Tws,208948246,MLA3697,,187447.64,187447.64,,ARS,3,,buy_it_now,gold_special,new,,,,,,,,,"{'mode': 'me2', 'methods': [], 'tags': ['mandatory_free_shipping'], 'dimensions': None, 'local_pick_up': True, 'free_shipping': True, 'logistic_type': 'xd_drop_off', 'store_pick_up': False}",,"{'city': {'id': 'TUxBQ1JPUzg1Yjg3', 'name': 'Rosario'}, 'state': {'id': 'AR-S', 'name': 'Santa Fe'}, 'country': {'id': 'AR', 'name': 'Argentina'}, 'search_location': {'city': {'id': 'TUxBQ1JPUzg1Yjg3', 'name': 'Rosario'}, 'state': {'id': 'TUxBUFNBTmU5Nzk2', 'name': 'Santa Fe'}}, 'id': 287562028}",,{},,,,,,,,,,,,,,2024-01-20T14:40:07.000Z,2024-05-08T20:11:40.000Z,,
MLA1394997220,MLA,"Jbl Live Free 2: 35 Horas Tiempo Reproducción, True Adaptive",568588035,MLA3697,,475499,475499,,ARS,100,,buy_it_now,gold_special,new,,,,,,,,,"{'mode': 'me2', 'methods': [], 'tags': ['mandatory_free_shipping'], 'dimensions': None, 'local_pick_up': False, 'free_shipping': True, 'logistic_type': 'cross_docking', 'store_pick_up': False}",,"{'city': {'id': 'TUxBQlBBTDg1NjJa', 'name': 'Palermo Hollywood'}, 'state': {'id': 'AR-C', 'name': 'Capital Federal'}, 'country': {'id': 'AR', 'name': 'Argentina'}, 'search_location': {'neighborhood': {'id': 'TUxBQlBBTDg1NjJa', 'name': 'Palermo Hollywood'}, 'city': {'id': 'TUxBQ0NBUGZlZG1sYQ', 'name': 'Capital Federal'}, 'state': {'id': 'TUxBUENBUGw3M2E1', 'name': 'Capital Federal'}}, 'id': 1330945632}",,{},,,,,,,,,,,,,,2023-04-14T02:52:33.000Z,2024-06-07T01:53:26.000Z,,
MLA1392529993,MLA,Jbl Live Free 2: 35 Horas De Reproduccion Negros,161008662,MLA3697,,703639,703639,,ARS,1,,buy_it_now,gold_special,new,,,,,,,,,"{'mode': 'me2', 'methods': [], 'tags': ['mandatory_free_shipping'], 'dimensions': None, 'local_pick_up': True, 'free_shipping': True, 'logistic_type': 'cross_docking', 'store_pick_up': False}",,"{'city': {'id': 'TUxBQ1FVSWI1MzY', 'name': 'Quilmes'}, 'state': {'id': 'AR-B', 'name': 'Buenos Aires'}, 'country': {'id': 'AR', 'name': 'Argentina'}, 'search_location': {'city': {'id': 'TUxBQ1FVSWI1MzY', 'name': 'Quilmes'}, 'state': {'id': 'TUxBUEdSQXJlMDNm', 'name': 'Bs.As. G.B.A. Sur'}}, 'id': 240407576}",,{},,,,,,,,,,,,,,2023-10-17T17:52:37.000Z,2024-06-03T11:20:03.000Z,,
MLA1412294364,MLA,Jbl Free Wfh Auriculares Con Cable Para Colocar Sobre Las,568588035,MLA3697,,127799,127799,,ARS,100,,buy_it_now,gold_special,new,,,,,,,,,"{'mode': 'me2', 'methods': [], 'tags': ['mandatory_free_shipping'], 'dimensions': None, 'local_pick_up': False, 'free_shipping': True, 'logistic_type': 'cross_docking', 'store_pick_up': False}",,"{'city': {'id': 'TUxBQlBBTDg1NjJa', 'name': 'Palermo Hollywood'}, 'state': {'id': 'AR-C', 'name': 'Capital Federal'}, 'country': {'id': 'AR', 'name': 'Argentina'}, 'search_location': {'neighborhood': {'id': 'TUxBQlBBTDg1NjJa', 'name': 'Palermo Hollywood'}, 'city': {'id': 'TUxBQ0NBUGZlZG1sYQ', 'name': 'Capital Federal'}, 'state': {'id': 'TUxBUENBUGw3M2E1', 'name': 'Capital Federal'}}, 'id': 1330945632}",,{},,,,,,,,,,,,,,2023-05-09T01:07:25.000Z,2024-06-06T23:03:00.689Z,,
MLA1369129281,MLA,Jbl Freexblk Free X Auriculares Intrauditivos Inalámbricos,568588035,MLA3697,,174299,174299,,ARS,100,,buy_it_now,gold_special,new,,,,,,,,,"{'mode': 'me2', 'methods': [], 'tags': ['mandatory_free_shipping'], 'dimensions': None, 'local_pick_up': False, 'free_shipping': True, 'logistic_type': 'cross_docking', 'store_pick_up': False}",,"{'city': {'id': 'TUxBQlBBTDg1NjJa', 'name': 'Palermo Hollywood'}, 'state': {'id': 'AR-C', 'name': 'Capital Federal'}, 'country': {'id': 'AR', 'name': 'Argentina'}, 'search_location': {'neighborhood': {'id': 'TUxBQlBBTDg1NjJa', 'name': 'Palermo Hollywood'}, 'city': {'id': 'TUxBQ0NBUGZlZG1sYQ', 'name': 'Capital Federal'}, 'state': {'id': 'TUxBUENBUGw3M2E1', 'name': 'Capital Federal'}}, 'id': 1330945632}",,{},,,,,,,,,,,,,,2023-05-09T23:52:25.000Z,2024-06-06T22:26:56.000Z,,
MLA1402999253,MLA,"Jbl Live Free2/35 Horas De Reproducción,cancelación De Ruido",1032773140,MLA3697,,149999,149999,,ARS,5,,buy_it_now,gold_special,new,,,,,,,,,"{'mode': 'me2', 'methods': [], 'tags': ['mandatory_free_shipping'], 'dimensions': None, 'local_pick_up': True, 'free_shipping': True, 'logistic_type': 'xd_drop_off', 'store_pick_up': False}",,"{'city': {'id': 'TUxBQkJBTDMxMDZa', 'name': 'Balvanera'}, 'state': {'id': 'AR-C', 'name': 'Capital Federal'}, 'country': {'id': 'AR', 'name': 'Argentina'}, 'search_location': {'neighborhood': {'id': 'TUxBQkJBTDMxMDZa', 'name': 'Balvanera'}, 'city': {'id': 'TUxBQ0NBUGZlZG1sYQ', 'name': 'Capital Federal'}, 'state': {'id': 'TUxBUENBUGw3M2E1', 'name': 'Capital Federal'}}, 'id': 1204469450}",,{},,,,,,,,,,,,,,2024-01-17T19:57:30.000Z,2024-06-06T16:15:39.000Z,,
MLA1412909708,MLA,Jbl Freewfhwl Lifestyle Sonido Inalámbrico Sobre El Oído De,568588035,MLA3697,,419799,419799,,ARS,100,,buy_it_now,gold_special,new,,,,,,,,,"{'mode': 'me2', 'methods': [], 'tags': ['mandatory_free_shipping'], 'dimensions': None, 'local_pick_up': False, 'free_shipping': True, 'logistic_type': 'cross_docking', 'store_pick_up': False}",,"{'city': {'id': 'TUxBQlBBTDg1NjJa', 'name': 'Palermo Hollywood'}, 'state': {'id': 'AR-C', 'name': 'Capital Federal'}, 'country': {'id': 'AR', 'name': 'Argentina'}, 'search_location': {'neighborhood': {'id': 'TUxBQlBBTDg1NjJa', 'name': 'Palermo Hollywood'}, 'city': {'id': 'TUxBQ0NBUGZlZG1sYQ', 'name': 'Capital Federal'}, 'state': {'id': 'TUxBUENBUGw3M2E1', 'name': 'Capital Federal'}}, 'id': 1330945632}",,{},,,,,,,,,,,,,,2023-05-09T20:16:28.000Z,2024-06-06T23:19:34.161Z,,
MLA1423436909,MLA,Auriculares Jbl Noise Free Bluetooth Originales!!! Tune 770,26954763,MLA3697,,130000,130000,,ARS,1,,buy_it_now,free,used,,,,,,,,,"{'mode': 'me2', 'methods': [], 'tags': [], 'dimensions': None, 'local_pick_up': False, 'free_shipping': False, 'logistic_type': 'xd_drop_off', 'store_pick_up': False}",,"{'city': {'id': 'TUxBQlZJTDYzNzZa', 'name': 'Villa Devoto'}, 'state': {'id': 'AR-C', 'name': 'Capital Federal'}, 'country': {'id': 'AR', 'name': 'Argentina'}, 'search_location': {'neighborhood': {'id': 'TUxBQlBBTDI1MTVa', 'name': 'Palermo'}, 'city': {'id': 'TUxBQ0NBUGZlZG1sYQ', 'name': 'Capital Federal'}, 'state': {'id': 'TUxBUENBUGw3M2E1', 'name': 'Capital Federal'}}, 'id': 1054774525}",,{},,,,,,,,,,,,,,2024-04-26T01:31:43.000Z,2024-05-21T20:25:37.363Z,,
MLA1422277663,MLA,Auriculares In-ear Jbl Tune 215 Tws,54133039,MLA3697,,80000,80000,,ARS,1,,buy_it_now,free,used,,,,,,,,,"{'mode': 'me2', 'methods': [], 'tags': [], 'dimensions': None, 'local_pick_up': False, 'free_shipping': True, 'logistic_type': 'drop_off', 'store_pick_up': False}",,"{'city': {'id': 'TUxBQ01PTjY0MzY', 'name': 'Monte Hermoso'}, 'state': {'id': 'AR-B', 'name': 'Buenos Aires'}, 'country': {'id': 'AR', 'name': 'Argentina'}, 'search_location': {'city': {'id': 'TUxBQ01PTjY0MzY', 'name': 'Monte Hermoso'}, 'state': {'id': 'TUxBUFpPTmFpbnRl', 'name': 'Buenos Aires Interior'}}, 'id': 921395541}",,{},,,,,,,,,,,,,,2024-04-17T23:40:47.000Z,2024-05-02T11:12:59.000Z,,
